transaction_id,customer_id,merchant_id,amount,timestamp,device_id,ip_address,payment_method,location,transaction_frequency,customer_age_days,previous_transaction_count,previous_fraud_count,is_new_device,is_new_ip,is_fraud
txn_000000,CUST-1042,M-008,17863,2026-08-21T00:00:00,DEV-015,IP-001,PI-029,Mumbai,12,134,70,1,True,True,True
txn_000001,CUST-1043,M-014,18509,2026-08-21T00:11:00,DEV-77A,IP-103.24,PI-005,Mumbai,2,253,30,1,False,False,True
txn_000002,CUST-1044,M-007,18449,2026-08-21T00:22:00,DEV-77A,IP-103.24,PI-084,Bengaluru,9,459,29,4,False,False,True
txn_000003,CUST-1045,M-001,17869,2026-08-21T00:33:00,DEV-076,IP-103.24,PI-021,Bengaluru,7,378,36,2,True,False,True
txn_000004,CUST-1046,M-004,17989,2026-08-21T00:44:00,DEV-77A,IP-007,PI-012,Delhi,2,397,45,3,False,True,True
txn_000005,CUST-1047,M-015,17388,2026-08-21T00:55:00,DEV-77A,IP-103.24,PI-069,Mumbai,7,110,71,3,False,False,True
txn_000006,CUST-1048,M-019,18040,2026-08-21T01:06:00,DEV-080,IP-103.24,PI-025,Bengaluru,2,76,30,3,True,False,True
txn_000007,CUST-1049,M-008,17463,2026-08-21T01:17:00,DEV-77A,IP-103.24,PI-013,Delhi,5,494,47,2,False,False,True
txn_000008,CUST-1050,M-007,18027,2026-08-21T01:28:00,DEV-77A,IP-012,PI-086,Delhi,12,729,10,2,False,True,True
txn_000009,CUST-1051,M-006,17801,2026-08-21T01:39:00,DEV-069,IP-103.24,PI-060,Delhi,5,685,72,2,True,False,True
txn_000010,CUST-1052,M-002,17964,2026-08-21T01:50:00,DEV-77A,IP-103.24,PI-030,Mumbai,13,353,52,3,False,False,True
txn_000011,CUST-1053,M-007,17435,2026-08-21T02:01:00,DEV-77A,IP-103.24,PI-073,Bengaluru,6,247,64,4,False,False,True
txn_000012,CUST-1054,M-005,17842,2026-08-21T02:12:00,DEV-059,IP-005,PI-032,Bengaluru,9,581,34,4,True,True,True
txn_000013,CUST-1055,M-013,18495,2026-08-21T02:23:00,DEV-77A,IP-103.24,PI-047,Mumbai,3,551,64,1,False,False,True
txn_000014,CUST-1056,M-004,17396,2026-08-21T02:34:00,DEV-77A,IP-103.24,PI-020,Bengaluru,3,841,55,1,False,False,True
txn_000015,CUST-1057,M-020,18081,2026-08-21T02:45:00,DEV-050,IP-103.24,PI-060,Bengaluru,5,596,2,1,True,False,True
txn_000016,CUST-1058,M-009,18399,2026-08-21T02:56:00,DEV-77A,IP-022,PI-083,Delhi,2,330,56,2,False,True,True
txn_000017,CUST-1059,M-001,18229,2026-08-21T03:07:00,DEV-77A,IP-103.24,PI-034,Bengaluru,13,212,65,1,False,False,True
txn_000018,CUST-1060,M-017,18608,2026-08-21T03:18:00,DEV-039,IP-103.24,PI-078,Mumbai,3,412,21,1,True,False,True
txn_000019,CUST-1061,M-011,18526,2026-08-21T03:29:00,DEV-77A,IP-103.24,PI-063,Mumbai,2,401,40,2,False,False,True
txn_000020,CUST-1062,M-019,17793,2026-08-21T03:40:00,DEV-77A,IP-002,PI-011,Mumbai,12,527,9,2,False,True,True
txn_000021,CUST-1063,M-016,18651,2026-08-21T03:51:00,DEV-017,IP-103.24,PI-071,Mumbai,5,570,78,4,True,False,True
txn_000022,CUST-1064,M-018,17733,2026-08-21T04:02:00,DEV-77A,IP-103.24,PI-089,Mumbai,12,349,52,3,False,False,True
txn_000023,CUST-1065,M-017,18197,2026-08-21T04:13:00,DEV-77A,IP-103.24,PI-058,Mumbai,4,260,9,3,False,False,True
txn_000024,CUST-1066,M-008,18434,2026-08-21T04:24:00,DEV-003,IP-019,PI-076,Mumbai,1,102,8,2,True,True,True
txn_000025,CUST-1067,M-002,17438,2026-08-21T04:35:00,DEV-77A,IP-103.24,PI-043,Mumbai,9,273,36,4,False,False,True
txn_000026,CUST-1068,M-018,17738,2026-08-21T04:46:00,DEV-77A,IP-103.24,PI-017,Bengaluru,10,620,61,2,False,False,True
txn_000027,CUST-1069,M-007,18133,2026-08-21T04:57:00,DEV-061,IP-103.24,PI-013,Mumbai,11,471,46,4,True,False,True
txn_000028,CUST-1070,M-002,18256,2026-08-21T05:08:00,DEV-77A,IP-014,PI-087,Bengaluru,11,130,8,4,False,True,True
txn_000029,CUST-1071,M-004,17994,2026-08-21T05:19:00,DEV-77A,IP-103.24,PI-032,Mumbai,4,579,58,2,False,False,True
txn_000030,CUST-1072,M-009,17675,2026-08-21T05:30:00,DEV-055,IP-103.24,PI-060,Mumbai,14,107,57,1,True,False,True
txn_000031,CUST-1073,M-018,17403,2026-08-21T05:41:00,DEV-77A,IP-103.24,PI-002,Mumbai,13,899,31,2,False,False,True
txn_000032,CUST-1074,M-016,18294,2026-08-21T05:52:00,DEV-77A,IP-014,PI-028,Delhi,1,198,49,1,False,True,True
txn_000033,CUST-1075,M-015,17843,2026-08-21T06:03:00,DEV-050,IP-103.24,PI-037,Delhi,12,778,72,4,True,False,True
txn_000034,CUST-1076,M-007,17617,2026-08-21T06:14:00,DEV-77A,IP-103.24,PI-038,Mumbai,1,623,70,1,False,False,True
txn_000035,CUST-1077,M-002,17942,2026-08-21T06:25:00,DEV-77A,IP-103.24,PI-007,Bengaluru,8,544,68,2,False,False,True
txn_000036,CUST-1078,M-006,17464,2026-08-21T06:36:00,DEV-008,IP-017,PI-009,Bengaluru,2,721,31,4,True,True,True
txn_000037,CUST-1079,M-019,17545,2026-08-21T06:47:00,DEV-77A,IP-103.24,PI-032,Bengaluru,10,70,80,1,False,False,True
txn_000038,CUST-1080,M-019,18158,2026-08-21T06:58:00,DEV-77A,IP-103.24,PI-073,Bengaluru,6,297,27,3,False,False,True
txn_000039,CUST-1081,M-013,17843,2026-08-21T07:09:00,DEV-031,IP-103.24,PI-017,Bengaluru,11,337,59,3,True,False,True
txn_000040,CUST-1082,M-001,17448,2026-08-21T07:20:00,DEV-77A,IP-030,PI-059,Bengaluru,10,132,10,2,False,True,True
txn_000041,CUST-1083,M-009,18336,2026-08-21T07:31:00,DEV-77A,IP-103.24,PI-017,Delhi,2,280,48,3,False,False,True
txn_000042,CUST-1084,M-018,18197,2026-08-21T07:42:00,DEV-021,IP-103.24,PI-039,Bengaluru,13,699,68,1,True,False,True
txn_000043,CUST-1085,M-018,18667,2026-08-21T07:53:00,DEV-77A,IP-103.24,PI-039,Bengaluru,2,167,34,1,False,False,True
txn_000044,CUST-1086,M-018,17519,2026-08-21T08:04:00,DEV-77A,IP-029,PI-020,Delhi,5,649,27,3,False,True,True
txn_000045,CUST-1087,M-009,18598,2026-08-21T08:15:00,DEV-027,IP-103.24,PI-065,Delhi,5,896,7,1,True,False,True
txn_000046,CUST-1088,M-014,18599,2026-08-21T08:26:00,DEV-77A,IP-103.24,PI-036,Mumbai,1,371,17,3,False,False,True
txn_000047,CUST-1089,M-015,17630,2026-08-21T08:37:00,DEV-77A,IP-103.24,PI-071,Bengaluru,7,604,2,1,False,False,True
txn_000048,CUST-1090,M-018,17605,2026-08-21T08:48:00,DEV-010,IP-029,PI-005,Delhi,10,595,19,4,True,True,True
txn_000049,CUST-1091,M-002,17561,2026-08-21T08:59:00,DEV-77A,IP-103.24,PI-040,Delhi,13,70,46,2,False,False,True
txn_000050,CUST-1092,M-008,18696,2026-08-21T09:10:00,DEV-77A,IP-103.24,PI-086,Mumbai,6,828,72,4,False,False,True
txn_000051,CUST-1093,M-008,17616,2026-08-21T09:21:00,DEV-080,IP-103.24,PI-021,Mumbai,7,55,23,3,True,False,True
txn_000052,CUST-1094,M-008,18143,2026-08-21T09:32:00,DEV-77A,IP-026,PI-035,Mumbai,13,748,14,4,False,True,True
txn_000053,CUST-1095,M-016,17379,2026-08-21T09:43:00,DEV-77A,IP-103.24,PI-029,Mumbai,14,501,45,3,False,False,True
txn_000054,CUST-1096,M-001,17756,2026-08-21T09:54:00,DEV-030,IP-103.24,PI-085,Mumbai,7,366,36,1,True,False,True
txn_000055,CUST-1097,M-012,17871,2026-08-21T10:05:00,DEV-77A,IP-103.24,PI-083,Bengaluru,7,725,69,3,False,False,True
txn_000056,CUST-1098,M-009,17536,2026-08-21T10:16:00,DEV-77A,IP-001,PI-023,Bengaluru,5,69,14,4,False,True,True
txn_000057,CUST-1099,M-014,17942,2026-08-21T10:27:00,DEV-045,IP-103.24,PI-078,Bengaluru,2,424,74,2,True,False,True
txn_000058,CUST-1100,M-002,17821,2026-08-21T10:38:00,DEV-77A,IP-103.24,PI-056,Mumbai,9,855,69,2,False,False,True
txn_000059,CUST-1101,M-014,18045,2026-08-21T10:49:00,DEV-77A,IP-103.24,PI-009,Bengaluru,6,668,41,1,False,False,True
txn_000060,CUST-1102,M-014,17933,2026-08-21T11:00:00,DEV-039,IP-017,PI-042,Delhi,12,332,71,2,True,True,True
txn_000061,CUST-1103,M-014,17692,2026-08-21T11:11:00,DEV-77A,IP-103.24,PI-086,Delhi,11,796,23,3,False,False,True
txn_000062,CUST-1104,M-018,18131,2026-08-21T11:22:00,DEV-77A,IP-103.24,PI-001,Delhi,5,245,56,3,False,False,True
txn_000063,CUST-1105,M-015,18204,2026-08-21T11:33:00,DEV-060,IP-103.24,PI-087,Mumbai,9,514,22,1,True,False,True
txn_000064,CUST-1106,M-020,18355,2026-08-21T11:44:00,DEV-77A,IP-010,PI-043,Mumbai,14,799,31,3,False,True,True
txn_000065,CUST-1107,M-007,17760,2026-08-21T11:55:00,DEV-77A,IP-103.24,PI-019,Mumbai,1,280,61,1,False,False,True
txn_000066,CUST-1108,M-019,18148,2026-08-21T12:06:00,DEV-059,IP-103.24,PI-025,Bengaluru,12,423,64,4,True,False,True
txn_000067,CUST-1109,M-005,17799,2026-08-21T12:17:00,DEV-77A,IP-103.24,PI-084,Bengaluru,1,798,14,4,False,False,True
txn_000068,CUST-1110,M-017,17660,2026-08-21T12:28:00,DEV-77A,IP-008,PI-060,Mumbai,9,285,16,4,False,True,True
txn_000069,CUST-1111,M-017,18251,2026-08-21T12:39:00,DEV-018,IP-103.24,PI-072,Bengaluru,6,803,57,4,True,False,True
txn_000070,CUST-1112,M-015,18422,2026-08-21T12:50:00,DEV-77A,IP-103.24,PI-021,Bengaluru,14,516,58,3,False,False,True
txn_000071,CUST-1113,M-009,17806,2026-08-21T13:01:00,DEV-77A,IP-103.24,PI-067,Delhi,11,274,36,4,False,False,True
txn_000072,CUST-1114,M-008,17885,2026-08-21T13:12:00,DEV-010,IP-023,PI-035,Delhi,6,583,11,2,True,True,True
txn_000073,CUST-1115,M-008,17608,2026-08-21T13:23:00,DEV-77A,IP-103.24,PI-050,Bengaluru,3,753,28,1,False,False,True
txn_000074,CUST-1116,M-014,18149,2026-08-21T13:34:00,DEV-77A,IP-103.24,PI-043,Bengaluru,8,455,8,2,False,False,True
txn_000075,CUST-1117,M-019,18097,2026-08-21T13:45:00,DEV-054,IP-103.24,PI-090,Mumbai,14,813,74,4,True,False,True
txn_000076,CUST-1118,M-012,17312,2026-08-21T13:56:00,DEV-77A,IP-016,PI-039,Delhi,14,885,54,2,False,True,True
txn_000077,CUST-1119,M-008,18299,2026-08-21T14:07:00,DEV-77A,IP-103.24,PI-035,Delhi,8,59,50,3,False,False,True
txn_000078,CUST-1120,M-015,17638,2026-08-21T14:18:00,DEV-052,IP-103.24,PI-017,Bengaluru,9,57,51,1,True,False,True
txn_000079,CUST-1121,M-014,17471,2026-08-21T14:29:00,DEV-77A,IP-103.24,PI-018,Delhi,3,81,34,4,False,False,True
txn_000080,CUST-1122,M-015,17733,2026-08-21T14:40:00,DEV-77A,IP-011,PI-042,Delhi,13,418,36,4,False,True,True
txn_000081,CUST-1123,M-016,17467,2026-08-21T14:51:00,DEV-033,IP-103.24,PI-003,Bengaluru,9,83,45,2,True,False,True
txn_000082,CUST-1124,M-003,18631,2026-08-21T15:02:00,DEV-77A,IP-103.24,PI-084,Mumbai,13,61,32,2,False,False,True
txn_000083,CUST-1125,M-020,17341,2026-08-21T15:13:00,DEV-77A,IP-103.24,PI-020,Mumbai,3,514,15,2,False,False,True
txn_000084,CUST-1126,M-012,17824,2026-08-21T15:24:00,DEV-060,IP-023,PI-022,Bengaluru,10,795,15,2,True,True,True
txn_000085,CUST-1127,M-004,17937,2026-08-21T15:35:00,DEV-77A,IP-103.24,PI-075,Mumbai,5,619,49,4,False,False,True
txn_000086,CUST-1128,M-003,17706,2026-08-21T15:46:00,DEV-77A,IP-103.24,PI-076,Bengaluru,14,672,32,1,False,False,True
txn_000087,CUST-1129,M-004,18529,2026-08-21T15:57:00,DEV-039,IP-103.24,PI-073,Mumbai,6,575,55,3,True,False,True
txn_000088,CUST-1130,M-011,18336,2026-08-21T16:08:00,DEV-77A,IP-003,PI-002,Delhi,14,531,14,4,False,True,True
txn_000089,CUST-1131,M-015,18041,2026-08-21T16:19:00,DEV-77A,IP-103.24,PI-020,Delhi,3,781,67,3,False,False,True
txn_000090,CUST-1132,M-016,18402,2026-08-21T16:30:00,DEV-079,IP-103.24,PI-060,Delhi,14,778,76,3,True,False,True
txn_000091,CUST-1133,M-008,17960,2026-08-21T16:41:00,DEV-77A,IP-103.24,PI-012,Delhi,8,279,60,4,False,False,True
txn_000092,CUST-1134,M-016,17358,2026-08-21T16:52:00,DEV-77A,IP-011,PI-042,Mumbai,8,247,46,3,False,True,True
txn_000093,CUST-1135,M-020,17872,2026-08-21T17:03:00,DEV-044,IP-103.24,PI-090,Delhi,9,40,67,2,True,False,True
txn_000094,CUST-1136,M-008,17475,2026-08-21T17:14:00,DEV-77A,IP-103.24,PI-053,Delhi,9,806,31,4,False,False,True
txn_000095,CUST-1137,M-016,18622,2026-08-21T17:25:00,DEV-77A,IP-103.24,PI-058,Mumbai,2,331,29,4,False,False,True
txn_000096,CUST-1138,M-019,18659,2026-08-21T17:36:00,DEV-032,IP-010,PI-048,Delhi,9,573,45,4,True,True,True
txn_000097,CUST-1139,M-011,18427,2026-08-21T17:47:00,DEV-77A,IP-103.24,PI-046,Bengaluru,8,307,40,3,False,False,True
txn_000098,CUST-1140,M-004,17772,2026-08-21T17:58:00,DEV-77A,IP-103.24,PI-025,Delhi,2,790,69,2,False,False,True
txn_000099,CUST-1141,M-016,17743,2026-08-21T18:09:00,DEV-025,IP-103.24,PI-036,Bengaluru,10,808,68,3,True,False,True
txn_000100,CUST-1142,M-010,17697,2026-08-21T18:20:00,DEV-77A,IP-004,PI-030,Delhi,3,339,2,2,False,True,True
txn_000101,CUST-1143,M-002,17861,2026-08-21T18:31:00,DEV-77A,IP-103.24,PI-007,Bengaluru,5,744,17,4,False,False,True
txn_000102,CUST-1144,M-019,17325,2026-08-21T18:42:00,DEV-014,IP-103.24,PI-037,Delhi,8,481,44,2,True,False,True
txn_000103,CUST-1145,M-009,17405,2026-08-21T18:53:00,DEV-77A,IP-103.24,PI-062,Mumbai,14,96,52,4,False,False,True
txn_000104,CUST-1146,M-002,18481,2026-08-21T19:04:00,DEV-77A,IP-003,PI-020,Mumbai,13,606,39,1,False,True,True
txn_000105,CUST-1147,M-018,17542,2026-08-21T19:15:00,DEV-032,IP-103.24,PI-054,Bengaluru,10,839,80,2,True,False,True
txn_000106,CUST-1148,M-013,18370,2026-08-21T19:26:00,DEV-77A,IP-103.24,PI-058,Delhi,5,632,55,3,False,False,True
txn_000107,CUST-1149,M-020,18464,2026-08-21T19:37:00,DEV-77A,IP-103.24,PI-008,Bengaluru,12,131,27,2,False,False,True
txn_000108,CUST-1150,M-006,17466,2026-08-21T19:48:00,DEV-034,IP-022,PI-031,Mumbai,9,106,21,1,True,True,True
txn_000109,CUST-1151,M-015,18136,2026-08-21T19:59:00,DEV-77A,IP-103.24,PI-089,Bengaluru,8,328,5,2,False,False,True
txn_000110,CUST-1152,M-010,17890,2026-08-21T20:10:00,DEV-77A,IP-103.24,PI-090,Delhi,2,733,30,3,False,False,True
txn_000111,CUST-1153,M-007,18654,2026-08-21T20:21:00,DEV-076,IP-103.24,PI-055,Mumbai,9,260,20,3,True,False,True
txn_000112,CUST-1154,M-003,17591,2026-08-21T20:32:00,DEV-77A,IP-027,PI-008,Mumbai,13,344,77,3,False,True,True
txn_000113,CUST-1155,M-004,18199,2026-08-21T20:43:00,DEV-77A,IP-103.24,PI-060,Bengaluru,5,746,52,3,False,False,True
txn_000114,CUST-1156,M-016,18405,2026-08-21T20:54:00,DEV-065,IP-103.24,PI-057,Mumbai,10,70,56,3,True,False,True
txn_000115,CUST-1157,M-009,18536,2026-08-21T21:05:00,DEV-77A,IP-103.24,PI-004,Mumbai,4,720,74,1,False,False,True
txn_000116,CUST-1158,M-009,18676,2026-08-21T21:16:00,DEV-77A,IP-025,PI-074,Mumbai,13,804,23,4,False,True,True
txn_000117,CUST-1159,M-015,18634,2026-08-21T21:27:00,DEV-067,IP-103.24,PI-036,Mumbai,10,476,63,1,True,False,True
txn_000118,CUST-1160,M-012,18262,2026-08-21T21:38:00,DEV-77A,IP-103.24,PI-053,Delhi,6,716,14,2,False,False,True
txn_000119,CUST-1161,M-014,17975,2026-08-21T21:49:00,DEV-77A,IP-103.24,PI-089,Delhi,5,708,52,1,False,False,True
txn_000120,CUST-1162,M-004,3148,2026-08-21T22:00:00,DEV-041,IP-009,PI-052,Bengaluru,1,703,70,0,True,True,False
txn_000121,CUST-1163,M-012,4747,2026-08-21T22:11:00,DEV-007,IP-007,PI-080,Delhi,4,808,7,0,True,True,False
txn_000122,CUST-1164,M-015,2859,2026-08-21T22:22:00,DEV-071,IP-005,PI-090,Delhi,1,59,78,0,True,True,False
txn_000123,CUST-1165,M-018,612,2026-08-21T22:33:00,DEV-021,IP-010,PI-053,Mumbai,2,891,15,0,True,True,False
txn_000124,CUST-1166,M-016,1761,2026-08-21T22:44:00,DEV-016,IP-021,PI-038,Bengaluru,3,455,62,0,True,True,False
txn_000125,CUST-1167,M-013,1684,2026-08-21T22:55:00,DEV-032,IP-015,PI-025,Bengaluru,2,101,36,0,True,True,False
txn_000126,CUST-1168,M-009,4659,2026-08-21T23:06:00,DEV-054,IP-011,PI-001,Delhi,3,887,76,0,True,True,False
txn_000127,CUST-1169,M-015,1717,2026-08-21T23:17:00,DEV-063,IP-028,PI-069,Delhi,3,370,71,0,True,True,False
txn_000128,CUST-1170,M-007,3136,2026-08-21T23:28:00,DEV-049,IP-015,PI-090,Mumbai,4,269,53,0,True,True,False
txn_000129,CUST-1171,M-013,13246,2026-08-21T23:39:00,DEV-061,IP-023,PI-085,Bengaluru,3,537,5,2,True,True,True
txn_000130,CUST-1172,M-015,1322,2026-08-21T23:50:00,DEV-076,IP-011,PI-013,Bengaluru,4,45,19,0,True,True,False
txn_000131,CUST-1173,M-009,4346,2026-08-22T00:01:00,DEV-020,IP-003,PI-044,Bengaluru,4,695,11,0,True,True,False
txn_000132,CUST-1174,M-016,3094,2026-08-22T00:12:00,DEV-069,IP-013,PI-070,Mumbai,1,270,37,0,True,True,False
txn_000133,CUST-1175,M-004,1306,2026-08-22T00:23:00,DEV-012,IP-014,PI-057,Mumbai,3,59,6,0,True,True,False
txn_000134,CUST-1176,M-012,3436,2026-08-22T00:34:00,DEV-008,IP-010,PI-056,Mumbai,2,573,53,0,True,True,False
txn_000135,CUST-1177,M-003,1934,2026-08-22T00:45:00,DEV-024,IP-006,PI-079,Delhi,2,539,75,0,True,True,False
txn_000136,CUST-1178,M-015,2580,2026-08-22T00:56:00,DEV-060,IP-021,PI-033,Bengaluru,1,853,60,0,True,True,False
txn_000137,CUST-1179,M-015,1105,2026-08-22T01:07:00,DEV-070,IP-006,PI-045,Bengaluru,3,684,55,0,True,True,False
txn_000138,CUST-1180,M-007,2974,2026-08-22T01:18:00,DEV-059,IP-028,PI-050,Delhi,1,272,49,0,True,True,False
txn_000139,CUST-1181,M-001,2918,2026-08-22T01:29:00,DEV-074,IP-010,PI-085,Delhi,3,38,73,0,True,True,False
txn_000140,CUST-1182,M-010,4569,2026-08-22T01:40:00,DEV-007,IP-030,PI-030,Bengaluru,3,254,25,0,True,True,False
txn_000141,CUST-1183,M-002,1295,2026-08-22T01:51:00,DEV-018,IP-021,PI-040,Delhi,1,623,47,0,True,True,False
txn_000142,CUST-1184,M-011,2917,2026-08-22T02:02:00,DEV-012,IP-030,PI-054,Mumbai,2,165,70,0,True,True,False
txn_000143,CUST-1185,M-009,4610,2026-08-22T02:13:00,DEV-047,IP-017,PI-022,Delhi,4,855,38,0,True,True,False
txn_000144,CUST-1186,M-015,1443,2026-08-22T02:24:00,DEV-044,IP-026,PI-010,Mumbai,2,722,51,0,True,True,False
txn_000145,CUST-1187,M-013,1239,2026-08-22T02:35:00,DEV-072,IP-012,PI-002,Delhi,1,495,48,0,True,True,False
txn_000146,CUST-1188,M-012,3621,2026-08-22T02:46:00,DEV-034,IP-019,PI-014,Bengaluru,2,512,4,0,True,True,False
txn_000147,CUST-1189,M-003,2313,2026-08-22T02:57:00,DEV-072,IP-011,PI-082,Delhi,3,694,53,0,True,True,False
txn_000148,CUST-1190,M-016,2993,2026-08-22T03:08:00,DEV-006,IP-002,PI-015,Mumbai,2,580,18,0,True,True,False
txn_000149,CUST-1191,M-014,4925,2026-08-22T03:19:00,DEV-048,IP-022,PI-076,Bengaluru,2,454,13,0,True,True,False
txn_000150,CUST-1192,M-002,2791,2026-08-22T03:30:00,DEV-079,IP-014,PI-089,Delhi,2,484,57,0,True,True,False
txn_000151,CUST-1193,M-018,3509,2026-08-22T03:41:00,DEV-047,IP-004,PI-083,Delhi,1,437,36,0,True,True,False
txn_000152,CUST-1194,M-003,4225,2026-08-22T03:52:00,DEV-016,IP-028,PI-085,Mumbai,1,81,43,0,True,True,False
txn_000153,CUST-1195,M-003,2181,2026-08-22T04:03:00,DEV-017,IP-026,PI-071,Mumbai,2,862,30,0,True,True,False
txn_000154,CUST-1196,M-009,523,2026-08-22T04:14:00,DEV-019,IP-026,PI-019,Mumbai,3,847,23,0,True,True,False
txn_000155,CUST-1197,M-012,621,2026-08-22T04:25:00,DEV-004,IP-005,PI-031,Bengaluru,3,46,23,0,True,True,False
txn_000156,CUST-1198,M-017,3948,2026-08-22T04:36:00,DEV-017,IP-024,PI-015,Bengaluru,1,517,58,0,True,True,False
txn_000157,CUST-1199,M-015,1393,2026-08-22T04:47:00,DEV-066,IP-019,PI-065,Mumbai,1,774,67,0,True,True,False
txn_000158,CUST-1200,M-013,4423,2026-08-22T04:58:00,DEV-004,IP-002,PI-055,Bengaluru,1,532,57,0,True,True,False
txn_000159,CUST-1201,M-003,9430,2026-08-22T05:09:00,DEV-011,IP-011,PI-017,Delhi,10,678,75,3,True,True,True
txn_000160,CUST-1202,M-015,2915,2026-08-22T05:20:00,DEV-077,IP-017,PI-065,Bengaluru,4,131,15,0,True,True,False
txn_000161,CUST-1203,M-014,2261,2026-08-22T05:31:00,DEV-071,IP-024,PI-058,Mumbai,4,377,59,0,True,True,False
txn_000162,CUST-1204,M-011,3996,2026-08-22T05:42:00,DEV-013,IP-011,PI-086,Delhi,3,186,61,0,True,True,False
txn_000163,CUST-1205,M-004,14075,2026-08-22T05:53:00,DEV-011,IP-003,PI-048,Mumbai,9,91,76,3,True,True,True
txn_000164,CUST-1206,M-002,3964,2026-08-22T06:04:00,DEV-053,IP-012,PI-037,Bengaluru,3,390,14,0,True,True,False
txn_000165,CUST-1207,M-008,4450,2026-08-22T06:15:00,DEV-028,IP-005,PI-014,Delhi,3,147,36,0,True,True,False
txn_000166,CUST-1208,M-020,715,2026-08-22T06:26:00,DEV-055,IP-028,PI-085,Bengaluru,3,59,24,0,True,True,False
txn_000167,CUST-1209,M-012,3283,2026-08-22T06:37:00,DEV-040,IP-030,PI-001,Mumbai,2,609,52,0,True,True,False
txn_000168,CUST-1210,M-007,15691,2026-08-22T06:48:00,DEV-004,IP-003,PI-049,Delhi,8,379,21,3,True,True,True
txn_000169,CUST-1211,M-002,1195,2026-08-22T06:59:00,DEV-042,IP-025,PI-020,Mumbai,1,720,11,0,True,True,False
txn_000170,CUST-1212,M-014,4121,2026-08-22T07:10:00,DEV-055,IP-016,PI-035,Mumbai,1,383,56,0,True,True,False
txn_000171,CUST-1213,M-010,4816,2026-08-22T07:21:00,DEV-076,IP-016,PI-006,Mumbai,4,643,8,0,True,True,False
txn_000172,CUST-1214,M-009,9248,2026-08-22T07:32:00,DEV-039,IP-007,PI-038,Delhi,2,37,64,4,True,True,True
txn_000173,CUST-1215,M-017,2385,2026-08-22T07:43:00,DEV-049,IP-018,PI-072,Bengaluru,3,103,51,0,True,True,False
txn_000174,CUST-1216,M-015,653,2026-08-22T07:54:00,DEV-006,IP-014,PI-010,Delhi,4,617,52,0,True,True,False
txn_000175,CUST-1217,M-013,1443,2026-08-22T08:05:00,DEV-054,IP-010,PI-003,Delhi,2,850,80,0,True,True,False
txn_000176,CUST-1218,M-004,4077,2026-08-22T08:16:00,DEV-047,IP-003,PI-032,Delhi,4,566,11,0,True,True,False
txn_000177,CUST-1219,M-008,3281,2026-08-22T08:27:00,DEV-040,IP-024,PI-043,Mumbai,1,552,15,0,True,True,False
txn_000178,CUST-1220,M-012,3362,2026-08-22T08:38:00,DEV-025,IP-029,PI-083,Mumbai,2,135,19,0,True,True,False
txn_000179,CUST-1221,M-003,1752,2026-08-22T08:49:00,DEV-023,IP-020,PI-023,Bengaluru,4,505,73,0,True,True,False
txn_000180,CUST-1042,M-011,3147,2026-08-22T09:00:00,DEV-058,IP-022,PI-020,Delhi,1,510,57,0,True,True,False
txn_000181,CUST-1043,M-012,960,2026-08-22T09:11:00,DEV-036,IP-019,PI-065,Mumbai,3,502,58,0,True,True,False
txn_000182,CUST-1044,M-003,11703,2026-08-22T09:22:00,DEV-048,IP-027,PI-083,Mumbai,10,638,65,4,True,True,True
txn_000183,CUST-1045,M-015,836,2026-08-22T09:33:00,DEV-071,IP-026,PI-074,Bengaluru,2,359,78,0,True,True,False
txn_000184,CUST-1046,M-004,4190,2026-08-22T09:44:00,DEV-020,IP-002,PI-044,Bengaluru,1,546,23,0,True,True,False
txn_000185,CUST-1047,M-017,15586,2026-08-22T09:55:00,DEV-057,IP-015,PI-079,Mumbai,6,411,37,4,True,True,True
txn_000186,CUST-1048,M-011,928,2026-08-22T10:06:00,DEV-044,IP-022,PI-009,Delhi,1,601,50,0,True,True,False
txn_000187,CUST-1049,M-011,1731,2026-08-22T10:17:00,DEV-078,IP-028,PI-011,Bengaluru,2,388,40,0,True,True,False
txn_000188,CUST-1050,M-010,1194,2026-08-22T10:28:00,DEV-051,IP-005,PI-072,Delhi,3,862,17,0,True,True,False
txn_000189,CUST-1051,M-017,3968,2026-08-22T10:39:00,DEV-068,IP-003,PI-047,Mumbai,3,346,24,0,True,True,False
txn_000190,CUST-1052,M-007,4483,2026-08-22T10:50:00,DEV-044,IP-025,PI-029,Mumbai,2,109,38,0,True,True,False
txn_000191,CUST-1053,M-017,4921,2026-08-22T11:01:00,DEV-013,IP-017,PI-005,Bengaluru,3,814,80,0,True,True,False
txn_000192,CUST-1054,M-006,1829,2026-08-22T11:12:00,DEV-049,IP-005,PI-089,Bengaluru,2,768,57,0,True,True,False
txn_000193,CUST-1055,M-015,10891,2026-08-22T11:23:00,DEV-047,IP-022,PI-079,Delhi,13,796,58,2,True,True,True
txn_000194,CUST-1056,M-007,4342,2026-08-22T11:34:00,DEV-040,IP-026,PI-048,Bengaluru,4,502,37,0,True,True,False
txn_000195,CUST-1057,M-006,3929,2026-08-22T11:45:00,DEV-065,IP-017,PI-026,Bengaluru,2,286,7,0,True,True,False
txn_000196,CUST-1058,M-017,1340,2026-08-22T11:56:00,DEV-048,IP-018,PI-016,Delhi,1,811,21,0,True,True,False
txn_000197,CUST-1059,M-003,4083,2026-08-22T12:07:00,DEV-066,IP-005,PI-029,Delhi,3,57,54,0,True,True,False
txn_000198,CUST-1060,M-013,10862,2026-08-22T12:18:00,DEV-065,IP-012,PI-011,Delhi,4,58,41,1,True,True,True
txn_000199,CUST-1061,M-005,1696,2026-08-22T12:29:00,DEV-043,IP-026,PI-005,Delhi,4,742,18,0,True,True,False
txn_000200,CUST-1062,M-003,543,2026-08-22T12:40:00,DEV-061,IP-015,PI-003,Delhi,2,885,20,0,True,True,False
txn_000201,CUST-1063,M-004,3967,2026-08-22T12:51:00,DEV-078,IP-017,PI-037,Mumbai,3,154,7,0,True,True,False
txn_000202,CUST-1064,M-004,1014,2026-08-22T13:02:00,DEV-080,IP-015,PI-064,Bengaluru,1,677,66,0,True,True,False
txn_000203,CUST-1065,M-001,4016,2026-08-22T13:13:00,DEV-019,IP-010,PI-079,Delhi,2,614,54,0,True,True,False
txn_000204,CUST-1066,M-003,3454,2026-08-22T13:24:00,DEV-011,IP-017,PI-068,Bengaluru,1,429,61,0,True,True,False
txn_000205,CUST-1067,M-001,11155,2026-08-22T13:35:00,DEV-050,IP-012,PI-046,Mumbai,6,276,14,3,True,True,True
txn_000206,CUST-1068,M-006,3273,2026-08-22T13:46:00,DEV-046,IP-018,PI-088,Delhi,4,676,24,0,True,True,False
txn_000207,CUST-1069,M-002,4249,2026-08-22T13:57:00,DEV-009,IP-023,PI-038,Mumbai,1,840,26,0,True,True,False
txn_000208,CUST-1070,M-017,3040,2026-08-22T14:08:00,DEV-041,IP-030,PI-051,Bengaluru,4,289,5,0,True,True,False
txn_000209,CUST-1071,M-002,3424,2026-08-22T14:19:00,DEV-025,IP-010,PI-084,Delhi,3,157,48,0,True,True,False
txn_000210,CUST-1072,M-013,4102,2026-08-22T14:30:00,DEV-052,IP-024,PI-044,Mumbai,4,738,64,0,True,True,False
txn_000211,CUST-1073,M-014,1176,2026-08-22T14:41:00,DEV-067,IP-009,PI-011,Delhi,2,588,38,0,True,True,False
txn_000212,CUST-1074,M-010,2921,2026-08-22T14:52:00,DEV-011,IP-011,PI-058,Bengaluru,4,200,57,0,True,True,False
txn_000213,CUST-1075,M-020,3388,2026-08-22T15:03:00,DEV-006,IP-024,PI-056,Delhi,1,106,52,0,True,True,False
txn_000214,CUST-1076,M-020,1669,2026-08-22T15:14:00,DEV-021,IP-001,PI-087,Delhi,1,159,9,0,True,True,False
txn_000215,CUST-1077,M-019,3636,2026-08-22T15:25:00,DEV-047,IP-012,PI-005,Bengaluru,2,725,58,0,True,True,False
txn_000216,CUST-1078,M-019,1129,2026-08-22T15:36:00,DEV-048,IP-015,PI-018,Bengaluru,3,437,41,0,True,True,False
txn_000217,CUST-1079,M-006,712,2026-08-22T15:47:00,DEV-032,IP-004,PI-064,Bengaluru,4,605,16,0,True,True,False
txn_000218,CUST-1080,M-007,4155,2026-08-22T15:58:00,DEV-034,IP-023,PI-079,Delhi,4,234,16,0,True,True,False
txn_000219,CUST-1081,M-015,1914,2026-08-22T16:09:00,DEV-010,IP-015,PI-012,Bengaluru,3,713,45,0,True,True,False
txn_000220,CUST-1082,M-010,2878,2026-08-22T16:20:00,DEV-071,IP-018,PI-021,Bengaluru,2,842,47,0,True,True,False
txn_000221,CUST-1083,M-008,1637,2026-08-22T16:31:00,DEV-016,IP-007,PI-064,Mumbai,3,597,74,0,True,True,False
txn_000222,CUST-1084,M-003,1206,2026-08-22T16:42:00,DEV-071,IP-005,PI-040,Delhi,4,568,53,0,True,True,False
txn_000223,CUST-1085,M-011,1526,2026-08-22T16:53:00,DEV-074,IP-003,PI-083,Mumbai,4,507,67,0,True,True,False
txn_000224,CUST-1086,M-005,1990,2026-08-22T17:04:00,DEV-071,IP-021,PI-056,Bengaluru,1,881,16,0,True,True,False
txn_000225,CUST-1087,M-011,1826,2026-08-22T17:15:00,DEV-039,IP-006,PI-029,Delhi,3,896,11,0,True,True,False
txn_000226,CUST-1088,M-010,1525,2026-08-22T17:26:00,DEV-071,IP-009,PI-079,Bengaluru,1,544,22,0,True,True,False
txn_000227,CUST-1089,M-020,1902,2026-08-22T17:37:00,DEV-075,IP-005,PI-078,Delhi,1,875,4,0,True,True,False
txn_000228,CUST-1090,M-019,2226,2026-08-22T17:48:00,DEV-074,IP-009,PI-054,Bengaluru,1,539,70,0,True,True,False
txn_000229,CUST-1091,M-013,2506,2026-08-22T17:59:00,DEV-039,IP-016,PI-039,Delhi,1,735,8,0,True,True,False
txn_000230,CUST-1092,M-007,4304,2026-08-22T18:10:00,DEV-054,IP-016,PI-044,Bengaluru,2,350,41,0,True,True,False
txn_000231,CUST-1093,M-012,1571,2026-08-22T18:21:00,DEV-045,IP-013,PI-066,Bengaluru,1,356,31,0,True,True,False
txn_000232,CUST-1094,M-005,2530,2026-08-22T18:32:00,DEV-035,IP-015,PI-013,Mumbai,3,423,79,0,True,True,False
txn_000233,CUST-1095,M-019,3182,2026-08-22T18:43:00,DEV-021,IP-027,PI-041,Mumbai,2,540,66,0,True,True,False
txn_000234,CUST-1096,M-003,689,2026-08-22T18:54:00,DEV-040,IP-016,PI-051,Bengaluru,4,276,28,0,True,True,False
txn_000235,CUST-1097,M-016,2804,2026-08-22T19:05:00,DEV-007,IP-002,PI-077,Bengaluru,4,322,69,0,True,True,False
txn_000236,CUST-1098,M-009,9194,2026-08-22T19:16:00,DEV-014,IP-014,PI-047,Delhi,6,76,52,1,True,True,True
txn_000237,CUST-1099,M-003,2864,2026-08-22T19:27:00,DEV-025,IP-012,PI-050,Bengaluru,4,812,71,0,True,True,False
txn_000238,CUST-1100,M-005,1473,2026-08-22T19:38:00,DEV-080,IP-022,PI-013,Delhi,3,843,44,0,True,True,False
txn_000239,CUST-1101,M-007,1681,2026-08-22T19:49:00,DEV-047,IP-025,PI-078,Bengaluru,4,542,6,0,True,True,False
txn_000240,CUST-1102,M-016,12456,2026-08-22T20:00:00,DEV-018,IP-023,PI-067,Delhi,3,650,66,2,True,True,True
txn_000241,CUST-1103,M-013,1831,2026-08-22T20:11:00,DEV-079,IP-011,PI-079,Bengaluru,3,637,44,0,True,True,False
txn_000242,CUST-1104,M-019,4512,2026-08-22T20:22:00,DEV-066,IP-018,PI-039,Delhi,1,407,43,0,True,True,False
txn_000243,CUST-1105,M-001,3020,2026-08-22T20:33:00,DEV-054,IP-019,PI-077,Delhi,3,701,75,0,True,True,False
txn_000244,CUST-1106,M-006,4435,2026-08-22T20:44:00,DEV-007,IP-019,PI-068,Bengaluru,4,181,32,0,True,True,False
txn_000245,CUST-1107,M-015,7310,2026-08-22T20:55:00,DEV-015,IP-007,PI-041,Delhi,3,452,27,4,True,True,True
txn_000246,CUST-1108,M-002,4363,2026-08-22T21:06:00,DEV-079,IP-030,PI-018,Bengaluru,2,604,42,0,True,True,False
txn_000247,CUST-1109,M-011,3586,2026-08-22T21:17:00,DEV-062,IP-017,PI-023,Delhi,3,589,46,0,True,True,False
txn_000248,CUST-1110,M-007,4466,2026-08-22T21:28:00,DEV-034,IP-020,PI-032,Delhi,3,260,39,0,True,True,False
txn_000249,CUST-1111,M-011,4505,2026-08-22T21:39:00,DEV-027,IP-023,PI-062,Delhi,3,324,16,0,True,True,False
txn_000250,CUST-1112,M-012,3732,2026-08-22T21:50:00,DEV-070,IP-013,PI-019,Delhi,1,324,11,0,True,True,False
txn_000251,CUST-1113,M-016,2600,2026-08-22T22:01:00,DEV-057,IP-021,PI-028,Mumbai,3,605,35,0,True,True,False
txn_000252,CUST-1114,M-008,2460,2026-08-22T22:12:00,DEV-079,IP-024,PI-007,Bengaluru,2,683,30,0,True,True,False
txn_000253,CUST-1115,M-004,14739,2026-08-22T22:23:00,DEV-053,IP-011,PI-088,Mumbai,1,593,21,4,True,True,True
txn_000254,CUST-1116,M-010,2133,2026-08-22T22:34:00,DEV-061,IP-016,PI-042,Delhi,1,817,12,0,True,True,False
txn_000255,CUST-1117,M-006,805,2026-08-22T22:45:00,DEV-030,IP-018,PI-054,Mumbai,1,886,51,0,True,True,False
txn_000256,CUST-1118,M-002,2871,2026-08-22T22:56:00,DEV-024,IP-030,PI-002,Delhi,1,373,37,0,True,True,False
txn_000257,CUST-1119,M-005,4546,2026-08-22T23:07:00,DEV-070,IP-017,PI-065,Delhi,3,227,15,0,True,True,False
txn_000258,CUST-1120,M-006,2607,2026-08-22T23:18:00,DEV-059,IP-021,PI-002,Bengaluru,3,839,38,0,True,True,False
txn_000259,CUST-1121,M-014,3821,2026-08-22T23:29:00,DEV-025,IP-006,PI-066,Delhi,1,440,13,0,True,True,False
txn_000260,CUST-1122,M-008,3150,2026-08-22T23:40:00,DEV-018,IP-016,PI-001,Delhi,4,271,58,0,True,True,False
txn_000261,CUST-1123,M-009,593,2026-08-22T23:51:00,DEV-043,IP-010,PI-084,Delhi,2,93,16,0,True,True,False
txn_000262,CUST-1124,M-010,4616,2026-08-23T00:02:00,DEV-021,IP-013,PI-089,Mumbai,3,406,79,0,True,True,False
txn_000263,CUST-1125,M-015,1754,2026-08-23T00:13:00,DEV-018,IP-016,PI-078,Delhi,4,748,71,0,True,True,False
txn_000264,CUST-1126,M-008,2289,2026-08-23T00:24:00,DEV-069,IP-026,PI-088,Bengaluru,1,568,58,0,True,True,False
txn_000265,CUST-1127,M-002,1419,2026-08-23T00:35:00,DEV-047,IP-003,PI-071,Bengaluru,2,616,69,0,True,True,False
txn_000266,CUST-1128,M-015,4762,2026-08-23T00:46:00,DEV-042,IP-028,PI-015,Bengaluru,2,764,75,0,True,True,False
txn_000267,CUST-1129,M-015,955,2026-08-23T00:57:00,DEV-066,IP-015,PI-017,Bengaluru,4,497,73,0,True,True,False
txn_000268,CUST-1130,M-001,12049,2026-08-23T01:08:00,DEV-060,IP-022,PI-051,Delhi,14,33,28,1,True,True,True
txn_000269,CUST-1131,M-018,8044,2026-08-23T01:19:00,DEV-045,IP-023,PI-008,Mumbai,8,62,37,4,True,True,True
txn_000270,CUST-1132,M-012,3943,2026-08-23T01:30:00,DEV-018,IP-025,PI-049,Delhi,4,414,11,0,True,True,False
txn_000271,CUST-1133,M-004,3348,2026-08-23T01:41:00,DEV-070,IP-005,PI-023,Bengaluru,4,571,17,0,True,True,False
txn_000272,CUST-1134,M-001,528,2026-08-23T01:52:00,DEV-029,IP-027,PI-039,Delhi,4,574,49,0,True,True,False
txn_000273,CUST-1135,M-005,3335,2026-08-23T02:03:00,DEV-032,IP-015,PI-036,Mumbai,1,62,54,0,True,True,False
txn_000274,CUST-1136,M-003,2188,2026-08-23T02:14:00,DEV-003,IP-008,PI-013,Bengaluru,1,487,77,0,True,True,False
txn_000275,CUST-1137,M-013,862,2026-08-23T02:25:00,DEV-007,IP-008,PI-057,Mumbai,2,802,8,0,True,True,False
txn_000276,CUST-1138,M-019,3112,2026-08-23T02:36:00,DEV-038,IP-008,PI-077,Bengaluru,3,272,39,0,True,True,False
txn_000277,CUST-1139,M-010,3887,2026-08-23T02:47:00,DEV-067,IP-008,PI-036,Mumbai,2,671,55,0,True,True,False
txn_000278,CUST-1140,M-017,3622,2026-08-23T02:58:00,DEV-007,IP-012,PI-041,Bengaluru,4,448,20,0,True,True,False
txn_000279,CUST-1141,M-016,4906,2026-08-23T03:09:00,DEV-024,IP-025,PI-031,Mumbai,3,754,19,0,True,True,False
txn_000280,CUST-1142,M-014,3880,2026-08-23T03:20:00,DEV-008,IP-018,PI-072,Bengaluru,2,427,32,0,True,True,False
txn_000281,CUST-1143,M-015,1147,2026-08-23T03:31:00,DEV-043,IP-021,PI-048,Mumbai,2,82,35,0,True,True,False
txn_000282,CUST-1144,M-003,823,2026-08-23T03:42:00,DEV-078,IP-020,PI-025,Bengaluru,2,520,27,0,True,True,False
txn_000283,CUST-1145,M-007,625,2026-08-23T03:53:00,DEV-043,IP-010,PI-025,Bengaluru,1,794,62,0,True,True,False
txn_000284,CUST-1146,M-013,2175,2026-08-23T04:04:00,DEV-078,IP-023,PI-031,Bengaluru,3,824,37,0,True,True,False
txn_000285,CUST-1147,M-010,3443,2026-08-23T04:15:00,DEV-069,IP-021,PI-034,Delhi,4,507,13,0,True,True,False
txn_000286,CUST-1148,M-007,3123,2026-08-23T04:26:00,DEV-061,IP-025,PI-048,Delhi,4,76,73,0,True,True,False
txn_000287,CUST-1149,M-018,2636,2026-08-23T04:37:00,DEV-019,IP-001,PI-075,Bengaluru,4,332,20,0,True,True,False
txn_000288,CUST-1150,M-016,2513,2026-08-23T04:48:00,DEV-030,IP-013,PI-071,Bengaluru,3,293,63,0,True,True,False
txn_000289,CUST-1151,M-012,1878,2026-08-23T04:59:00,DEV-063,IP-015,PI-022,Mumbai,4,218,70,0,True,True,False
txn_000290,CUST-1152,M-003,777,2026-08-23T05:10:00,DEV-008,IP-017,PI-086,Mumbai,1,452,18,0,True,True,False
txn_000291,CUST-1153,M-001,1737,2026-08-23T05:21:00,DEV-030,IP-003,PI-028,Bengaluru,4,412,8,0,True,True,False
txn_000292,CUST-1154,M-016,4458,2026-08-23T05:32:00,DEV-079,IP-030,PI-003,Mumbai,4,42,3,0,True,True,False
txn_000293,CUST-1155,M-001,2848,2026-08-23T05:43:00,DEV-036,IP-018,PI-065,Bengaluru,4,855,23,0,True,True,False
txn_000294,CUST-1156,M-008,1719,2026-08-23T05:54:00,DEV-013,IP-017,PI-025,Bengaluru,3,864,46,0,True,True,False
txn_000295,CUST-1157,M-013,3556,2026-08-23T06:05:00,DEV-051,IP-003,PI-059,Bengaluru,2,743,29,0,True,True,False
txn_000296,CUST-1158,M-003,759,2026-08-23T06:16:00,DEV-011,IP-021,PI-052,Delhi,4,595,61,0,True,True,False
txn_000297,CUST-1159,M-003,9807,2026-08-23T06:27:00,DEV-002,IP-023,PI-064,Delhi,11,833,43,1,True,True,True
txn_000298,CUST-1160,M-019,2231,2026-08-23T06:38:00,DEV-006,IP-008,PI-061,Delhi,1,106,36,0,True,True,False
txn_000299,CUST-1161,M-006,769,2026-08-23T06:49:00,DEV-073,IP-022,PI-041,Mumbai,2,631,19,0,True,True,False
txn_000300,CUST-1162,M-010,1130,2026-08-23T07:00:00,DEV-051,IP-030,PI-021,Bengaluru,2,610,50,0,True,True,False
txn_000301,CUST-1163,M-005,3644,2026-08-23T07:11:00,DEV-070,IP-011,PI-089,Bengaluru,1,542,45,0,True,True,False
txn_000302,CUST-1164,M-011,8245,2026-08-23T07:22:00,DEV-056,IP-008,PI-078,Bengaluru,10,436,42,1,True,True,True
txn_000303,CUST-1165,M-012,2368,2026-08-23T07:33:00,DEV-058,IP-016,PI-071,Delhi,4,220,75,0,True,True,False
txn_000304,CUST-1166,M-008,2919,2026-08-23T07:44:00,DEV-011,IP-025,PI-010,Mumbai,3,187,49,0,True,True,False
txn_000305,CUST-1167,M-011,3691,2026-08-23T07:55:00,DEV-020,IP-024,PI-047,Mumbai,1,35,40,0,True,True,False
txn_000306,CUST-1168,M-003,1585,2026-08-23T08:06:00,DEV-035,IP-004,PI-024,Delhi,4,600,72,0,True,True,False
txn_000307,CUST-1169,M-012,1234,2026-08-23T08:17:00,DEV-014,IP-001,PI-071,Mumbai,3,424,2,0,True,True,False
txn_000308,CUST-1170,M-018,1193,2026-08-23T08:28:00,DEV-050,IP-025,PI-032,Bengaluru,2,731,49,0,True,True,False
txn_000309,CUST-1171,M-016,2698,2026-08-23T08:39:00,DEV-035,IP-010,PI-019,Mumbai,2,475,36,0,True,True,False
txn_000310,CUST-1172,M-012,1130,2026-08-23T08:50:00,DEV-062,IP-026,PI-033,Mumbai,4,638,79,0,True,True,False
txn_000311,CUST-1173,M-001,2995,2026-08-23T09:01:00,DEV-014,IP-005,PI-051,Delhi,4,853,43,0,True,True,False
txn_000312,CUST-1174,M-010,1615,2026-08-23T09:12:00,DEV-056,IP-027,PI-042,Bengaluru,2,520,41,0,True,True,False
txn_000313,CUST-1175,M-016,2887,2026-08-23T09:23:00,DEV-051,IP-011,PI-074,Mumbai,3,415,36,0,True,True,False
txn_000314,CUST-1176,M-019,1432,2026-08-23T09:34:00,DEV-051,IP-012,PI-026,Bengaluru,2,728,71,0,True,True,False
txn_000315,CUST-1177,M-015,10434,2026-08-23T09:45:00,DEV-060,IP-023,PI-038,Bengaluru,2,868,53,4,True,True,True
txn_000316,CUST-1178,M-005,2569,2026-08-23T09:56:00,DEV-039,IP-008,PI-055,Delhi,1,489,77,0,True,True,False
txn_000317,CUST-1179,M-014,4650,2026-08-23T10:07:00,DEV-052,IP-018,PI-070,Mumbai,3,748,69,0,True,True,False
txn_000318,CUST-1180,M-012,2533,2026-08-23T10:18:00,DEV-011,IP-004,PI-022,Bengaluru,1,606,52,0,True,True,False
txn_000319,CUST-1181,M-004,4026,2026-08-23T10:29:00,DEV-043,IP-026,PI-002,Mumbai,3,257,66,0,True,True,False
txn_000320,CUST-1182,M-015,2310,2026-08-23T10:40:00,DEV-072,IP-019,PI-048,Delhi,4,820,76,0,True,True,False
txn_000321,CUST-1183,M-016,701,2026-08-23T10:51:00,DEV-020,IP-012,PI-014,Delhi,4,117,15,0,True,True,False
txn_000322,CUST-1184,M-011,3055,2026-08-23T11:02:00,DEV-019,IP-012,PI-059,Mumbai,4,386,61,0,True,True,False
txn_000323,CUST-1185,M-010,1050,2026-08-23T11:13:00,DEV-058,IP-011,PI-006,Bengaluru,1,53,44,0,True,True,False
txn_000324,CUST-1186,M-017,2498,2026-08-23T11:24:00,DEV-022,IP-030,PI-023,Bengaluru,2,368,72,0,True,True,False
txn_000325,CUST-1187,M-006,3818,2026-08-23T11:35:00,DEV-060,IP-008,PI-024,Bengaluru,4,435,4,0,True,True,False
txn_000326,CUST-1188,M-013,4018,2026-08-23T11:46:00,DEV-026,IP-015,PI-001,Bengaluru,2,240,36,0,True,True,False
txn_000327,CUST-1189,M-018,1333,2026-08-23T11:57:00,DEV-009,IP-019,PI-024,Delhi,3,231,59,0,True,True,False
txn_000328,CUST-1190,M-020,3067,2026-08-23T12:08:00,DEV-063,IP-017,PI-050,Bengaluru,4,631,15,0,True,True,False
txn_000329,CUST-1191,M-010,1913,2026-08-23T12:19:00,DEV-059,IP-020,PI-079,Bengaluru,1,718,18,0,True,True,False
txn_000330,CUST-1192,M-006,1458,2026-08-23T12:30:00,DEV-031,IP-010,PI-048,Bengaluru,2,553,50,0,True,True,False
txn_000331,CUST-1193,M-014,3643,2026-08-23T12:41:00,DEV-018,IP-019,PI-024,Delhi,2,598,22,0,True,True,False
txn_000332,CUST-1194,M-015,3077,2026-08-23T12:52:00,DEV-018,IP-006,PI-080,Mumbai,3,39,63,0,True,True,False
txn_000333,CUST-1195,M-016,4640,2026-08-23T13:03:00,DEV-050,IP-018,PI-053,Bengaluru,4,455,57,0,True,True,False
txn_000334,CUST-1196,M-008,752,2026-08-23T13:14:00,DEV-011,IP-019,PI-038,Mumbai,3,260,69,0,True,True,False
txn_000335,CUST-1197,M-018,4557,2026-08-23T13:25:00,DEV-059,IP-019,PI-066,Mumbai,1,304,70,0,True,True,False
txn_000336,CUST-1198,M-015,840,2026-08-23T13:36:00,DEV-047,IP-018,PI-070,Mumbai,4,134,32,0,True,True,False
txn_000337,CUST-1199,M-012,2652,2026-08-23T13:47:00,DEV-005,IP-015,PI-012,Delhi,1,824,31,0,True,True,False
txn_000338,CUST-1200,M-020,3372,2026-08-23T13:58:00,DEV-076,IP-023,PI-081,Delhi,2,660,18,0,True,True,False
txn_000339,CUST-1201,M-019,986,2026-08-23T14:09:00,DEV-027,IP-026,PI-045,Bengaluru,3,641,69,0,True,True,False
txn_000340,CUST-1202,M-017,2690,2026-08-23T14:20:00,DEV-038,IP-010,PI-087,Mumbai,2,798,53,0,True,True,False
txn_000341,CUST-1203,M-005,1539,2026-08-23T14:31:00,DEV-036,IP-028,PI-032,Mumbai,3,878,32,0,True,True,False
txn_000342,CUST-1204,M-019,1664,2026-08-23T14:42:00,DEV-051,IP-016,PI-081,Delhi,4,414,58,0,True,True,False
txn_000343,CUST-1205,M-009,15447,2026-08-23T14:53:00,DEV-012,IP-013,PI-089,Delhi,8,529,42,1,True,True,True
txn_000344,CUST-1206,M-012,4255,2026-08-23T15:04:00,DEV-012,IP-024,PI-009,Bengaluru,4,253,55,0,True,True,False
txn_000345,CUST-1207,M-010,3144,2026-08-23T15:15:00,DEV-064,IP-009,PI-044,Bengaluru,2,609,63,0,True,True,False
txn_000346,CUST-1208,M-015,1315,2026-08-23T15:26:00,DEV-007,IP-002,PI-003,Mumbai,2,481,59,0,True,True,False
txn_000347,CUST-1209,M-010,9161,2026-08-23T15:37:00,DEV-055,IP-007,PI-021,Delhi,2,700,47,3,True,True,True
txn_000348,CUST-1210,M-010,3746,2026-08-23T15:48:00,DEV-022,IP-002,PI-090,Mumbai,4,701,12,0,True,True,False
txn_000349,CUST-1211,M-003,4406,2026-08-23T15:59:00,DEV-001,IP-007,PI-017,Bengaluru,2,561,57,0,True,True,False
txn_000350,CUST-1212,M-014,8975,2026-08-23T16:10:00,DEV-044,IP-027,PI-089,Mumbai,8,102,30,4,True,True,True
txn_000351,CUST-1213,M-012,3066,2026-08-23T16:21:00,DEV-014,IP-004,PI-039,Mumbai,4,822,18,0,True,True,False
txn_000352,CUST-1214,M-019,4845,2026-08-23T16:32:00,DEV-019,IP-003,PI-002,Bengaluru,2,480,45,0,True,True,False
txn_000353,CUST-1215,M-020,3872,2026-08-23T16:43:00,DEV-020,IP-030,PI-088,Delhi,2,118,13,0,True,True,False
txn_000354,CUST-1216,M-012,3645,2026-08-23T16:54:00,DEV-016,IP-019,PI-055,Delhi,2,283,36,0,True,True,False
txn_000355,CUST-1217,M-001,2834,2026-08-23T17:05:00,DEV-032,IP-018,PI-085,Delhi,2,560,78,0,True,True,False
txn_000356,CUST-1218,M-008,947,2026-08-23T17:16:00,DEV-051,IP-010,PI-064,Delhi,1,276,64,0,True,True,False
txn_000357,CUST-1219,M-012,598,2026-08-23T17:27:00,DEV-010,IP-017,PI-041,Mumbai,4,889,73,0,True,True,False
txn_000358,CUST-1220,M-016,1915,2026-08-23T17:38:00,DEV-070,IP-022,PI-010,Mumbai,1,44,34,0,True,True,False
txn_000359,CUST-1221,M-017,3760,2026-08-23T17:49:00,DEV-008,IP-026,PI-037,Bengaluru,4,463,52,0,True,True,False
txn_000360,CUST-1042,M-009,1750,2026-08-23T18:00:00,DEV-069,IP-018,PI-011,Delhi,1,553,27,0,True,True,False
txn_000361,CUST-1043,M-013,3176,2026-08-23T18:11:00,DEV-020,IP-018,PI-076,Bengaluru,1,347,56,0,True,True,False
txn_000362,CUST-1044,M-003,2502,2026-08-23T18:22:00,DEV-031,IP-002,PI-056,Mumbai,4,656,78,0,True,True,False
txn_000363,CUST-1045,M-005,7207,2026-08-23T18:33:00,DEV-023,IP-004,PI-090,Mumbai,3,538,45,3,True,True,True
txn_000364,CUST-1046,M-004,2701,2026-08-23T18:44:00,DEV-017,IP-024,PI-004,Delhi,4,308,68,0,True,True,False
txn_000365,CUST-1047,M-016,8262,2026-08-23T18:55:00,DEV-074,IP-021,PI-059,Bengaluru,6,86,64,2,True,True,True
txn_000366,CUST-1048,M-019,1342,2026-08-23T19:06:00,DEV-033,IP-025,PI-087,Bengaluru,1,263,66,0,True,True,False
txn_000367,CUST-1049,M-016,7753,2026-08-23T19:17:00,DEV-002,IP-008,PI-047,Delhi,3,213,5,4,True,True,True
txn_000368,CUST-1050,M-009,3120,2026-08-23T19:28:00,DEV-032,IP-014,PI-010,Bengaluru,3,152,65,0,True,True,False
txn_000369,CUST-1051,M-017,2328,2026-08-23T19:39:00,DEV-007,IP-006,PI-006,Delhi,1,506,37,0,True,True,False
txn_000370,CUST-1052,M-018,1207,2026-08-23T19:50:00,DEV-040,IP-011,PI-059,Mumbai,3,235,38,0,True,True,False
txn_000371,CUST-1053,M-015,2487,2026-08-23T20:01:00,DEV-039,IP-024,PI-048,Bengaluru,4,821,26,0,True,True,False
txn_000372,CUST-1054,M-005,2508,2026-08-23T20:12:00,DEV-070,IP-025,PI-001,Delhi,1,268,70,0,True,True,False
txn_000373,CUST-1055,M-013,511,2026-08-23T20:23:00,DEV-002,IP-011,PI-040,Mumbai,2,572,31,0,True,True,False
txn_000374,CUST-1056,M-003,2792,2026-08-23T20:34:00,DEV-008,IP-005,PI-006,Mumbai,4,747,48,0,True,True,False
txn_000375,CUST-1057,M-017,1282,2026-08-23T20:45:00,DEV-011,IP-019,PI-018,Bengaluru,4,106,76,0,True,True,False
txn_000376,CUST-1058,M-008,1570,2026-08-23T20:56:00,DEV-056,IP-022,PI-038,Delhi,3,850,51,0,True,True,False
txn_000377,CUST-1059,M-009,4208,2026-08-23T21:07:00,DEV-042,IP-011,PI-030,Mumbai,2,169,75,0,True,True,False
txn_000378,CUST-1060,M-015,4182,2026-08-23T21:18:00,DEV-014,IP-006,PI-041,Delhi,1,578,46,0,True,True,False
txn_000379,CUST-1061,M-015,3025,2026-08-23T21:29:00,DEV-027,IP-015,PI-034,Mumbai,1,191,39,0,True,True,False
txn_000380,CUST-1062,M-011,2261,2026-08-23T21:40:00,DEV-078,IP-002,PI-019,Mumbai,2,394,51,0,True,True,False
txn_000381,CUST-1063,M-001,1924,2026-08-23T21:51:00,DEV-039,IP-009,PI-052,Delhi,2,126,60,0,True,True,False
txn_000382,CUST-1064,M-002,597,2026-08-23T22:02:00,DEV-018,IP-004,PI-029,Mumbai,2,873,52,0,True,True,False
txn_000383,CUST-1065,M-003,2620,2026-08-23T22:13:00,DEV-011,IP-019,PI-003,Mumbai,2,691,57,0,True,True,False
txn_000384,CUST-1066,M-004,3216,2026-08-23T22:24:00,DEV-012,IP-029,PI-006,Delhi,1,202,74,0,True,True,False
txn_000385,CUST-1067,M-013,741,2026-08-23T22:35:00,DEV-051,IP-016,PI-088,Delhi,2,392,28,0,True,True,False
txn_000386,CUST-1068,M-005,4153,2026-08-23T22:46:00,DEV-036,IP-009,PI-005,Bengaluru,2,692,38,0,True,True,False
txn_000387,CUST-1069,M-003,999,2026-08-23T22:57:00,DEV-071,IP-016,PI-036,Delhi,2,459,26,0,True,True,False
txn_000388,CUST-1070,M-001,4953,2026-08-23T23:08:00,DEV-068,IP-008,PI-049,Bengaluru,3,521,70,0,True,True,False
txn_000389,CUST-1071,M-011,4615,2026-08-23T23:19:00,DEV-045,IP-030,PI-050,Delhi,2,56,41,0,True,True,False
txn_000390,CUST-1072,M-002,2801,2026-08-23T23:30:00,DEV-004,IP-029,PI-061,Bengaluru,3,815,75,0,True,True,False
txn_000391,CUST-1073,M-008,2530,2026-08-23T23:41:00,DEV-021,IP-004,PI-035,Bengaluru,1,812,29,0,True,True,False
txn_000392,CUST-1074,M-006,1923,2026-08-23T23:52:00,DEV-050,IP-012,PI-031,Bengaluru,3,855,46,0,True,True,False
txn_000393,CUST-1075,M-019,3380,2026-08-24T00:03:00,DEV-004,IP-023,PI-073,Mumbai,2,886,64,0,True,True,False
txn_000394,CUST-1076,M-003,810,2026-08-24T00:14:00,DEV-023,IP-016,PI-008,Mumbai,2,50,68,0,True,True,False
txn_000395,CUST-1077,M-005,2150,2026-08-24T00:25:00,DEV-043,IP-030,PI-044,Bengaluru,2,851,42,0,True,True,False
txn_000396,CUST-1078,M-004,9320,2026-08-24T00:36:00,DEV-019,IP-019,PI-068,Delhi,2,412,51,1,True,True,True
txn_000397,CUST-1079,M-014,1790,2026-08-24T00:47:00,DEV-042,IP-005,PI-082,Delhi,3,208,72,0,True,True,False
txn_000398,CUST-1080,M-008,3423,2026-08-24T00:58:00,DEV-079,IP-026,PI-086,Bengaluru,2,417,40,0,True,True,False
txn_000399,CUST-1081,M-001,1955,2026-08-24T01:09:00,DEV-038,IP-005,PI-090,Bengaluru,4,819,73,0,True,True,False
txn_000400,CUST-1082,M-019,10619,2026-08-24T01:20:00,DEV-078,IP-011,PI-014,Delhi,3,369,10,2,True,True,True
txn_000401,CUST-1083,M-011,1226,2026-08-24T01:31:00,DEV-041,IP-006,PI-058,Mumbai,3,244,32,0,True,True,False
txn_000402,CUST-1084,M-001,1385,2026-08-24T01:42:00,DEV-045,IP-009,PI-007,Delhi,4,780,54,0,True,True,False
txn_000403,CUST-1085,M-012,3602,2026-08-24T01:53:00,DEV-053,IP-016,PI-070,Delhi,1,878,62,0,True,True,False
txn_000404,CUST-1086,M-006,2347,2026-08-24T02:04:00,DEV-074,IP-021,PI-058,Mumbai,1,331,3,0,True,True,False
txn_000405,CUST-1087,M-006,3300,2026-08-24T02:15:00,DEV-014,IP-003,PI-049,Mumbai,1,590,12,0,True,True,False
txn_000406,CUST-1088,M-001,4454,2026-08-24T02:26:00,DEV-079,IP-029,PI-056,Bengaluru,2,651,56,0,True,True,False
txn_000407,CUST-1089,M-007,2183,2026-08-24T02:37:00,DEV-013,IP-011,PI-053,Bengaluru,3,706,37,0,True,True,False
txn_000408,CUST-1090,M-019,3718,2026-08-24T02:48:00,DEV-013,IP-002,PI-071,Delhi,2,85,47,0,True,True,False
txn_000409,CUST-1091,M-007,14869,2026-08-24T02:59:00,DEV-012,IP-010,PI-013,Mumbai,4,204,38,1,True,True,True
txn_000410,CUST-1092,M-016,3756,2026-08-24T03:10:00,DEV-015,IP-010,PI-063,Bengaluru,3,123,70,0,True,True,False
txn_000411,CUST-1093,M-012,3624,2026-08-24T03:21:00,DEV-048,IP-029,PI-024,Delhi,1,299,57,0,True,True,False
txn_000412,CUST-1094,M-019,2700,2026-08-24T03:32:00,DEV-029,IP-027,PI-008,Mumbai,1,117,45,0,True,True,False
txn_000413,CUST-1095,M-018,2363,2026-08-24T03:43:00,DEV-053,IP-025,PI-008,Delhi,4,578,61,0,True,True,False
txn_000414,CUST-1096,M-003,2948,2026-08-24T03:54:00,DEV-031,IP-016,PI-051,Bengaluru,1,544,74,0,True,True,False
txn_000415,CUST-1097,M-004,1707,2026-08-24T04:05:00,DEV-074,IP-022,PI-058,Mumbai,2,246,25,0,True,True,False
txn_000416,CUST-1098,M-007,4066,2026-08-24T04:16:00,DEV-055,IP-003,PI-081,Mumbai,3,357,9,0,True,True,False
txn_000417,CUST-1099,M-009,3171,2026-08-24T04:27:00,DEV-072,IP-013,PI-067,Delhi,1,835,80,0,True,True,False
txn_000418,CUST-1100,M-005,3895,2026-08-24T04:38:00,DEV-054,IP-004,PI-019,Bengaluru,1,138,73,0,True,True,False
txn_000419,CUST-1101,M-012,4887,2026-08-24T04:49:00,DEV-037,IP-028,PI-053,Delhi,4,700,63,0,True,True,False
txn_000420,CUST-1102,M-009,1910,2026-08-24T05:00:00,DEV-061,IP-002,PI-052,Mumbai,4,69,51,0,True,True,False
txn_000421,CUST-1103,M-002,2446,2026-08-24T05:11:00,DEV-043,IP-023,PI-061,Delhi,3,50,44,0,True,True,False
txn_000422,CUST-1104,M-016,2796,2026-08-24T05:22:00,DEV-039,IP-010,PI-090,Bengaluru,1,263,18,0,True,True,False
txn_000423,CUST-1105,M-009,3128,2026-08-24T05:33:00,DEV-057,IP-025,PI-054,Bengaluru,1,222,57,0,True,True,False
txn_000424,CUST-1106,M-017,4468,2026-08-24T05:44:00,DEV-053,IP-024,PI-048,Mumbai,2,97,40,0,True,True,False
txn_000425,CUST-1107,M-019,4794,2026-08-24T05:55:00,DEV-052,IP-005,PI-004,Mumbai,2,882,26,0,True,True,False
txn_000426,CUST-1108,M-002,4239,2026-08-24T06:06:00,DEV-032,IP-002,PI-047,Bengaluru,2,310,48,0,True,True,False
txn_000427,CUST-1109,M-001,1514,2026-08-24T06:17:00,DEV-065,IP-013,PI-031,Delhi,4,638,58,0,True,True,False
txn_000428,CUST-1110,M-012,3365,2026-08-24T06:28:00,DEV-061,IP-019,PI-021,Delhi,1,321,4,0,True,True,False
txn_000429,CUST-1111,M-008,2255,2026-08-24T06:39:00,DEV-021,IP-028,PI-083,Mumbai,2,305,53,0,True,True,False
txn_000430,CUST-1112,M-006,1583,2026-08-24T06:50:00,DEV-002,IP-016,PI-077,Mumbai,2,288,78,0,True,True,False
txn_000431,CUST-1113,M-014,2755,2026-08-24T07:01:00,DEV-040,IP-023,PI-049,Delhi,4,288,28,0,True,True,False
txn_000432,CUST-1114,M-019,3753,2026-08-24T07:12:00,DEV-067,IP-027,PI-014,Mumbai,3,604,77,0,True,True,False
txn_000433,CUST-1115,M-016,1385,2026-08-24T07:23:00,DEV-039,IP-022,PI-009,Delhi,3,685,42,0,True,True,False
txn_000434,CUST-1116,M-007,2947,2026-08-24T07:34:00,DEV-034,IP-021,PI-020,Bengaluru,2,88,77,0,True,True,False
txn_000435,CUST-1117,M-001,1646,2026-08-24T07:45:00,DEV-041,IP-022,PI-084,Delhi,3,295,54,0,True,True,False
txn_000436,CUST-1118,M-011,2055,2026-08-24T07:56:00,DEV-005,IP-019,PI-029,Bengaluru,4,717,46,0,True,True,False
txn_000437,CUST-1119,M-010,1983,2026-08-24T08:07:00,DEV-022,IP-027,PI-013,Delhi,2,788,34,0,True,True,False
txn_000438,CUST-1120,M-011,1999,2026-08-24T08:18:00,DEV-072,IP-025,PI-084,Mumbai,2,393,29,0,True,True,False
txn_000439,CUST-1121,M-012,3214,2026-08-24T08:29:00,DEV-040,IP-014,PI-034,Bengaluru,3,504,16,0,True,True,False
txn_000440,CUST-1122,M-016,1083,2026-08-24T08:40:00,DEV-075,IP-019,PI-025,Bengaluru,1,727,49,0,True,True,False
txn_000441,CUST-1123,M-005,1735,2026-08-24T08:51:00,DEV-053,IP-002,PI-026,Delhi,4,613,59,0,True,True,False
txn_000442,CUST-1124,M-016,1162,2026-08-24T09:02:00,DEV-024,IP-025,PI-043,Bengaluru,2,350,8,0,True,True,False
txn_000443,CUST-1125,M-019,9762,2026-08-24T09:13:00,DEV-036,IP-007,PI-021,Delhi,13,811,12,2,True,True,True
txn_000444,CUST-1126,M-016,4014,2026-08-24T09:24:00,DEV-055,IP-013,PI-050,Mumbai,1,576,26,0,True,True,False
txn_000445,CUST-1127,M-017,3139,2026-08-24T09:35:00,DEV-002,IP-029,PI-025,Mumbai,1,671,32,0,True,True,False
txn_000446,CUST-1128,M-004,1556,2026-08-24T09:46:00,DEV-045,IP-010,PI-050,Bengaluru,3,201,9,0,True,True,False
txn_000447,CUST-1129,M-017,4234,2026-08-24T09:57:00,DEV-039,IP-010,PI-077,Bengaluru,3,474,18,0,True,True,False
txn_000448,CUST-1130,M-006,2043,2026-08-24T10:08:00,DEV-063,IP-012,PI-052,Mumbai,2,259,17,0,True,True,False
txn_000449,CUST-1131,M-006,4633,2026-08-24T10:19:00,DEV-003,IP-019,PI-016,Delhi,1,414,33,0,True,True,False
txn_000450,CUST-1132,M-004,892,2026-08-24T10:30:00,DEV-080,IP-002,PI-084,Mumbai,1,736,15,0,True,True,False
txn_000451,CUST-1133,M-009,4983,2026-08-24T10:41:00,DEV-049,IP-004,PI-061,Bengaluru,2,240,2,0,True,True,False
txn_000452,CUST-1134,M-009,4762,2026-08-24T10:52:00,DEV-013,IP-022,PI-080,Bengaluru,2,458,14,0,True,True,False
txn_000453,CUST-1135,M-004,2815,2026-08-24T11:03:00,DEV-080,IP-004,PI-014,Delhi,2,653,26,0,True,True,False
txn_000454,CUST-1136,M-014,3432,2026-08-24T11:14:00,DEV-067,IP-007,PI-038,Mumbai,1,591,64,0,True,True,False
txn_000455,CUST-1137,M-001,2421,2026-08-24T11:25:00,DEV-062,IP-011,PI-002,Bengaluru,1,143,74,0,True,True,False
txn_000456,CUST-1138,M-003,4691,2026-08-24T11:36:00,DEV-020,IP-003,PI-013,Delhi,2,497,38,0,True,True,False
txn_000457,CUST-1139,M-002,1931,2026-08-24T11:47:00,DEV-007,IP-004,PI-038,Delhi,3,466,15,0,True,True,False
txn_000458,CUST-1140,M-006,1633,2026-08-24T11:58:00,DEV-006,IP-001,PI-043,Delhi,4,666,35,0,True,True,False
txn_000459,CUST-1141,M-006,3307,2026-08-24T12:09:00,DEV-012,IP-012,PI-015,Delhi,4,497,35,0,True,True,False
txn_000460,CUST-1142,M-006,3954,2026-08-24T12:20:00,DEV-062,IP-026,PI-015,Mumbai,1,894,21,0,True,True,False
txn_000461,CUST-1143,M-006,4089,2026-08-24T12:31:00,DEV-076,IP-016,PI-079,Delhi,3,656,4,0,True,True,False
txn_000462,CUST-1144,M-004,4498,2026-08-24T12:42:00,DEV-017,IP-016,PI-053,Delhi,1,94,34,0,True,True,False
txn_000463,CUST-1145,M-019,4799,2026-08-24T12:53:00,DEV-002,IP-023,PI-073,Mumbai,3,561,67,0,True,True,False
txn_000464,CUST-1146,M-008,4045,2026-08-24T13:04:00,DEV-080,IP-004,PI-062,Delhi,4,182,72,0,True,True,False
txn_000465,CUST-1147,M-006,595,2026-08-24T13:15:00,DEV-079,IP-002,PI-065,Delhi,4,199,10,0,True,True,False
txn_000466,CUST-1148,M-009,3210,2026-08-24T13:26:00,DEV-042,IP-008,PI-007,Bengaluru,2,593,49,0,True,True,False
txn_000467,CUST-1149,M-015,4260,2026-08-24T13:37:00,DEV-031,IP-003,PI-074,Delhi,1,540,58,0,True,True,False
txn_000468,CUST-1150,M-004,645,2026-08-24T13:48:00,DEV-064,IP-024,PI-052,Delhi,1,600,71,0,True,True,False
txn_000469,CUST-1151,M-017,11990,2026-08-24T13:59:00,DEV-012,IP-026,PI-072,Mumbai,11,717,59,3,True,True,True
txn_000470,CUST-1152,M-015,2326,2026-08-24T14:10:00,DEV-007,IP-027,PI-043,Bengaluru,4,763,47,0,True,True,False
txn_000471,CUST-1153,M-001,2316,2026-08-24T14:21:00,DEV-015,IP-004,PI-044,Delhi,3,590,67,0,True,True,False
txn_000472,CUST-1154,M-016,1844,2026-08-24T14:32:00,DEV-014,IP-002,PI-018,Bengaluru,4,139,33,0,True,True,False
txn_000473,CUST-1155,M-007,3718,2026-08-24T14:43:00,DEV-025,IP-004,PI-059,Mumbai,3,140,54,0,True,True,False
txn_000474,CUST-1156,M-015,14381,2026-08-24T14:54:00,DEV-076,IP-004,PI-085,Bengaluru,9,167,64,1,True,True,True
txn_000475,CUST-1157,M-019,4045,2026-08-24T15:05:00,DEV-007,IP-018,PI-062,Bengaluru,2,738,75,0,True,True,False
txn_000476,CUST-1158,M-020,3673,2026-08-24T15:16:00,DEV-017,IP-004,PI-078,Delhi,4,458,78,0,True,True,False
txn_000477,CUST-1159,M-011,3759,2026-08-24T15:27:00,DEV-032,IP-009,PI-038,Delhi,2,171,53,0,True,True,False
txn_000478,CUST-1160,M-011,4987,2026-08-24T15:38:00,DEV-066,IP-010,PI-071,Bengaluru,2,235,27,0,True,True,False
txn_000479,CUST-1161,M-005,3328,2026-08-24T15:49:00,DEV-038,IP-022,PI-084,Mumbai,3,757,15,0,True,True,False
txn_000480,CUST-1162,M-018,3919,2026-08-24T16:00:00,DEV-072,IP-016,PI-037,Delhi,1,565,14,0,True,True,False
txn_000481,CUST-1163,M-007,7927,2026-08-24T16:11:00,DEV-019,IP-002,PI-035,Mumbai,5,729,33,2,True,True,True
txn_000482,CUST-1164,M-002,4933,2026-08-24T16:22:00,DEV-038,IP-007,PI-046,Delhi,1,660,72,0,True,True,False
txn_000483,CUST-1165,M-017,2446,2026-08-24T16:33:00,DEV-072,IP-013,PI-090,Delhi,1,420,50,0,True,True,False
txn_000484,CUST-1166,M-001,940,2026-08-24T16:44:00,DEV-041,IP-018,PI-033,Mumbai,4,879,29,0,True,True,False
txn_000485,CUST-1167,M-020,4977,2026-08-24T16:55:00,DEV-048,IP-025,PI-026,Bengaluru,2,331,58,0,True,True,False
txn_000486,CUST-1168,M-017,1923,2026-08-24T17:06:00,DEV-010,IP-006,PI-016,Delhi,1,468,36,0,True,True,False
txn_000487,CUST-1169,M-001,2589,2026-08-24T17:17:00,DEV-017,IP-006,PI-043,Delhi,2,70,20,0,True,True,False
txn_000488,CUST-1170,M-016,2967,2026-08-24T17:28:00,DEV-077,IP-002,PI-074,Bengaluru,3,104,41,0,True,True,False
txn_000489,CUST-1171,M-017,1058,2026-08-24T17:39:00,DEV-024,IP-017,PI-021,Delhi,4,124,45,0,True,True,False
txn_000490,CUST-1172,M-011,3218,2026-08-24T17:50:00,DEV-028,IP-022,PI-047,Delhi,2,800,80,0,True,True,False
txn_000491,CUST-1173,M-004,572,2026-08-24T18:01:00,DEV-072,IP-027,PI-086,Delhi,4,276,79,0,True,True,False
txn_000492,CUST-1174,M-013,3129,2026-08-24T18:12:00,DEV-032,IP-002,PI-015,Delhi,3,583,37,0,True,True,False
txn_000493,CUST-1175,M-017,13143,2026-08-24T18:23:00,DEV-067,IP-027,PI-066,Delhi,8,74,38,2,True,True,True
txn_000494,CUST-1176,M-018,1871,2026-08-24T18:34:00,DEV-011,IP-004,PI-069,Mumbai,1,245,28,0,True,True,False
txn_000495,CUST-1177,M-007,1351,2026-08-24T18:45:00,DEV-055,IP-027,PI-069,Bengaluru,4,692,10,0,True,True,False
txn_000496,CUST-1178,M-011,4261,2026-08-24T18:56:00,DEV-020,IP-001,PI-005,Mumbai,1,85,23,0,True,True,False
txn_000497,CUST-1179,M-009,2364,2026-08-24T19:07:00,DEV-072,IP-003,PI-053,Delhi,4,675,52,0,True,True,False
txn_000498,CUST-1180,M-018,1469,2026-08-24T19:18:00,DEV-003,IP-013,PI-001,Bengaluru,1,804,75,0,True,True,False
txn_000499,CUST-1181,M-004,15238,2026-08-24T19:29:00,DEV-010,IP-012,PI-038,Bengaluru,5,651,12,3,True,True,True
txn_000500,CUST-1182,M-001,3736,2026-08-24T19:40:00,DEV-057,IP-013,PI-061,Mumbai,2,169,51,0,True,True,False
txn_000501,CUST-1183,M-010,1680,2026-08-24T19:51:00,DEV-070,IP-010,PI-087,Bengaluru,3,41,71,0,True,True,False
txn_000502,CUST-1184,M-001,842,2026-08-24T20:02:00,DEV-019,IP-004,PI-074,Bengaluru,4,580,71,0,True,True,False
txn_000503,CUST-1185,M-007,3316,2026-08-24T20:13:00,DEV-040,IP-007,PI-053,Bengaluru,2,194,24,0,True,True,False
txn_000504,CUST-1186,M-006,1438,2026-08-24T20:24:00,DEV-033,IP-007,PI-086,Bengaluru,1,799,71,0,True,True,False
txn_000505,CUST-1187,M-003,2881,2026-08-24T20:35:00,DEV-071,IP-003,PI-033,Mumbai,2,773,75,0,True,True,False
txn_000506,CUST-1188,M-008,1550,2026-08-24T20:46:00,DEV-043,IP-012,PI-013,Delhi,1,228,41,0,True,True,False
txn_000507,CUST-1189,M-019,3004,2026-08-24T20:57:00,DEV-043,IP-020,PI-020,Bengaluru,3,857,41,0,True,True,False
txn_000508,CUST-1190,M-008,3065,2026-08-24T21:08:00,DEV-022,IP-001,PI-029,Bengaluru,4,313,47,0,True,True,False
txn_000509,CUST-1191,M-015,4431,2026-08-24T21:19:00,DEV-043,IP-029,PI-058,Delhi,3,528,71,0,True,True,False
txn_000510,CUST-1192,M-005,2798,2026-08-24T21:30:00,DEV-078,IP-003,PI-069,Mumbai,3,781,10,0,True,True,False
txn_000511,CUST-1193,M-001,4654,2026-08-24T21:41:00,DEV-003,IP-028,PI-075,Bengaluru,4,817,76,0,True,True,False
txn_000512,CUST-1194,M-018,2634,2026-08-24T21:52:00,DEV-005,IP-018,PI-070,Delhi,2,404,51,0,True,True,False
txn_000513,CUST-1195,M-005,2883,2026-08-24T22:03:00,DEV-076,IP-024,PI-060,Bengaluru,1,436,47,0,True,True,False
txn_000514,CUST-1196,M-017,1858,2026-08-24T22:14:00,DEV-031,IP-028,PI-018,Delhi,2,213,73,0,True,True,False
txn_000515,CUST-1197,M-012,4460,2026-08-24T22:25:00,DEV-019,IP-024,PI-006,Mumbai,4,267,9,0,True,True,False
txn_000516,CUST-1198,M-017,2193,2026-08-24T22:36:00,DEV-030,IP-002,PI-047,Delhi,4,495,6,0,True,True,False
txn_000517,CUST-1199,M-009,15542,2026-08-24T22:47:00,DEV-042,IP-004,PI-034,Bengaluru,9,613,23,4,True,True,True
txn_000518,CUST-1200,M-017,1137,2026-08-24T22:58:00,DEV-047,IP-019,PI-033,Delhi,2,558,52,0,True,True,False
txn_000519,CUST-1201,M-020,4449,2026-08-24T23:09:00,DEV-045,IP-016,PI-001,Bengaluru,2,480,22,0,True,True,False
txn_000520,CUST-1202,M-007,2800,2026-08-24T23:20:00,DEV-066,IP-021,PI-020,Mumbai,2,400,78,0,True,True,False
txn_000521,CUST-1203,M-014,2386,2026-08-24T23:31:00,DEV-016,IP-022,PI-043,Bengaluru,1,523,62,0,True,True,False
txn_000522,CUST-1204,M-001,3866,2026-08-24T23:42:00,DEV-076,IP-006,PI-032,Mumbai,2,617,76,0,True,True,False
txn_000523,CUST-1205,M-002,1703,2026-08-24T23:53:00,DEV-066,IP-002,PI-022,Delhi,2,559,52,0,True,True,False
txn_000524,CUST-1206,M-010,652,2026-08-25T00:04:00,DEV-073,IP-021,PI-011,Mumbai,4,651,61,0,True,True,False
txn_000525,CUST-1207,M-020,3865,2026-08-25T00:15:00,DEV-022,IP-008,PI-019,Bengaluru,2,668,66,0,True,True,False
txn_000526,CUST-1208,M-020,4214,2026-08-25T00:26:00,DEV-044,IP-030,PI-076,Mumbai,2,417,50,0,True,True,False
txn_000527,CUST-1209,M-017,4782,2026-08-25T00:37:00,DEV-003,IP-007,PI-088,Delhi,2,650,13,0,True,True,False
txn_000528,CUST-1210,M-018,819,2026-08-25T00:48:00,DEV-079,IP-020,PI-065,Mumbai,1,523,17,0,True,True,False
txn_000529,CUST-1211,M-014,509,2026-08-25T00:59:00,DEV-070,IP-027,PI-067,Delhi,3,74,68,0,True,True,False
txn_000530,CUST-1212,M-012,3623,2026-08-25T01:10:00,DEV-062,IP-026,PI-076,Bengaluru,1,465,18,0,True,True,False
txn_000531,CUST-1213,M-010,1186,2026-08-25T01:21:00,DEV-030,IP-030,PI-077,Bengaluru,4,293,25,0,True,True,False
txn_000532,CUST-1214,M-004,15561,2026-08-25T01:32:00,DEV-001,IP-019,PI-067,Mumbai,7,700,27,3,True,True,True
txn_000533,CUST-1215,M-019,3990,2026-08-25T01:43:00,DEV-014,IP-005,PI-033,Delhi,4,608,47,0,True,True,False
txn_000534,CUST-1216,M-014,2168,2026-08-25T01:54:00,DEV-051,IP-025,PI-071,Bengaluru,4,213,48,0,True,True,False
txn_000535,CUST-1217,M-019,3012,2026-08-25T02:05:00,DEV-062,IP-009,PI-045,Bengaluru,4,783,18,0,True,True,False
txn_000536,CUST-1218,M-015,2382,2026-08-25T02:16:00,DEV-016,IP-024,PI-090,Mumbai,1,249,66,0,True,True,False
txn_000537,CUST-1219,M-006,926,2026-08-25T02:27:00,DEV-044,IP-026,PI-050,Bengaluru,1,853,12,0,True,True,False
txn_000538,CUST-1220,M-003,4066,2026-08-25T02:38:00,DEV-061,IP-030,PI-009,Delhi,2,409,11,0,True,True,False
txn_000539,CUST-1221,M-020,3782,2026-08-25T02:49:00,DEV-050,IP-030,PI-084,Bengaluru,3,758,77,0,True,True,False
txn_000540,CUST-1042,M-015,15099,2026-08-25T03:00:00,DEV-023,IP-021,PI-002,Mumbai,14,702,67,3,True,True,True
txn_000541,CUST-1043,M-008,4725,2026-08-25T03:11:00,DEV-077,IP-017,PI-079,Mumbai,1,398,31,0,True,True,False
txn_000542,CUST-1044,M-013,2760,2026-08-25T03:22:00,DEV-021,IP-003,PI-046,Bengaluru,4,445,76,0,True,True,False
txn_000543,CUST-1045,M-003,1062,2026-08-25T03:33:00,DEV-002,IP-024,PI-071,Delhi,3,385,36,0,True,True,False
txn_000544,CUST-1046,M-019,3809,2026-08-25T03:44:00,DEV-025,IP-015,PI-001,Delhi,2,446,65,0,True,True,False
txn_000545,CUST-1047,M-011,2910,2026-08-25T03:55:00,DEV-010,IP-017,PI-015,Bengaluru,3,580,74,0,True,True,False
txn_000546,CUST-1048,M-008,4461,2026-08-25T04:06:00,DEV-057,IP-013,PI-044,Delhi,4,630,4,0,True,True,False
txn_000547,CUST-1049,M-008,3634,2026-08-25T04:17:00,DEV-034,IP-003,PI-087,Bengaluru,2,849,41,0,True,True,False
txn_000548,CUST-1050,M-001,4888,2026-08-25T04:28:00,DEV-046,IP-017,PI-090,Delhi,2,324,12,0,True,True,False
txn_000549,CUST-1051,M-016,1962,2026-08-25T04:39:00,DEV-044,IP-003,PI-041,Delhi,2,617,35,0,True,True,False
txn_000550,CUST-1052,M-008,2135,2026-08-25T04:50:00,DEV-025,IP-016,PI-031,Delhi,2,264,26,0,True,True,False
txn_000551,CUST-1053,M-004,1777,2026-08-25T05:01:00,DEV-080,IP-012,PI-016,Mumbai,4,658,1,0,True,True,False
txn_000552,CUST-1054,M-012,4450,2026-08-25T05:12:00,DEV-070,IP-002,PI-080,Delhi,4,618,36,0,True,True,False
txn_000553,CUST-1055,M-008,3759,2026-08-25T05:23:00,DEV-066,IP-009,PI-074,Mumbai,1,568,55,0,True,True,False
txn_000554,CUST-1056,M-012,4616,2026-08-25T05:34:00,DEV-070,IP-002,PI-051,Bengaluru,2,498,16,0,True,True,False
txn_000555,CUST-1057,M-001,568,2026-08-25T05:45:00,DEV-059,IP-011,PI-087,Mumbai,4,624,13,0,True,True,False
txn_000556,CUST-1058,M-006,2627,2026-08-25T05:56:00,DEV-079,IP-028,PI-071,Delhi,2,305,61,0,True,True,False
txn_000557,CUST-1059,M-016,2006,2026-08-25T06:07:00,DEV-044,IP-012,PI-055,Mumbai,4,747,48,0,True,True,False
txn_000558,CUST-1060,M-006,4192,2026-08-25T06:18:00,DEV-052,IP-009,PI-074,Mumbai,2,863,13,0,True,True,False
txn_000559,CUST-1061,M-013,4040,2026-08-25T06:29:00,DEV-031,IP-018,PI-026,Mumbai,2,514,2,0,True,True,False
txn_000560,CUST-1062,M-018,4735,2026-08-25T06:40:00,DEV-064,IP-005,PI-041,Delhi,3,286,72,0,True,True,False
txn_000561,CUST-1063,M-006,1310,2026-08-25T06:51:00,DEV-007,IP-013,PI-008,Mumbai,3,517,13,0,True,True,False
txn_000562,CUST-1064,M-012,3457,2026-08-25T07:02:00,DEV-043,IP-009,PI-072,Bengaluru,3,382,3,0,True,True,False
txn_000563,CUST-1065,M-019,2129,2026-08-25T07:13:00,DEV-045,IP-028,PI-074,Bengaluru,2,829,37,0,True,True,False
txn_000564,CUST-1066,M-003,4161,2026-08-25T07:24:00,DEV-066,IP-016,PI-049,Bengaluru,3,504,19,0,True,True,False
txn_000565,CUST-1067,M-003,3815,2026-08-25T07:35:00,DEV-044,IP-014,PI-011,Mumbai,3,263,41,0,True,True,False
txn_000566,CUST-1068,M-020,2691,2026-08-25T07:46:00,DEV-038,IP-023,PI-083,Delhi,3,485,47,0,True,True,False
txn_000567,CUST-1069,M-006,3891,2026-08-25T07:57:00,DEV-067,IP-015,PI-024,Mumbai,2,775,31,0,True,True,False
txn_000568,CUST-1070,M-013,1867,2026-08-25T08:08:00,DEV-011,IP-007,PI-014,Mumbai,1,514,71,0,True,True,False
txn_000569,CUST-1071,M-004,8363,2026-08-25T08:19:00,DEV-051,IP-017,PI-034,Bengaluru,3,116,50,3,True,True,True
txn_000570,CUST-1072,M-005,1535,2026-08-25T08:30:00,DEV-037,IP-015,PI-068,Mumbai,1,65,46,0,True,True,False
txn_000571,CUST-1073,M-015,4400,2026-08-25T08:41:00,DEV-042,IP-028,PI-070,Delhi,4,168,70,0,True,True,False
txn_000572,CUST-1074,M-017,4063,2026-08-25T08:52:00,DEV-077,IP-015,PI-082,Bengaluru,3,385,62,0,True,True,False
txn_000573,CUST-1075,M-012,3022,2026-08-25T09:03:00,DEV-012,IP-015,PI-053,Delhi,2,340,2,0,True,True,False
txn_000574,CUST-1076,M-016,11698,2026-08-25T09:14:00,DEV-018,IP-012,PI-069,Mumbai,12,533,62,3,True,True,True
txn_000575,CUST-1077,M-020,11799,2026-08-25T09:25:00,DEV-056,IP-026,PI-030,Mumbai,9,412,25,4,True,True,True
txn_000576,CUST-1078,M-006,2547,2026-08-25T09:36:00,DEV-056,IP-013,PI-083,Delhi,4,255,34,0,True,True,False
txn_000577,CUST-1079,M-010,11454,2026-08-25T09:47:00,DEV-031,IP-017,PI-084,Bengaluru,9,858,35,4,True,True,True
txn_000578,CUST-1080,M-010,1619,2026-08-25T09:58:00,DEV-009,IP-006,PI-015,Bengaluru,4,662,58,0,True,True,False
txn_000579,CUST-1081,M-011,2038,2026-08-25T10:09:00,DEV-080,IP-016,PI-003,Mumbai,1,577,3,0,True,True,False
txn_000580,CUST-1082,M-005,2705,2026-08-25T10:20:00,DEV-014,IP-010,PI-057,Bengaluru,1,268,12,0,True,True,False
txn_000581,CUST-1083,M-014,3300,2026-08-25T10:31:00,DEV-064,IP-007,PI-040,Delhi,3,504,5,0,True,True,False
txn_000582,CUST-1084,M-013,2683,2026-08-25T10:42:00,DEV-019,IP-002,PI-010,Bengaluru,4,215,25,0,True,True,False
txn_000583,CUST-1085,M-001,3625,2026-08-25T10:53:00,DEV-033,IP-027,PI-016,Bengaluru,2,424,57,0,True,True,False
txn_000584,CUST-1086,M-004,4275,2026-08-25T11:04:00,DEV-005,IP-007,PI-067,Bengaluru,2,514,50,0,True,True,False
txn_000585,CUST-1087,M-006,3146,2026-08-25T11:15:00,DEV-040,IP-030,PI-081,Bengaluru,1,792,71,0,True,True,False
txn_000586,CUST-1088,M-007,2947,2026-08-25T11:26:00,DEV-033,IP-016,PI-047,Mumbai,2,145,31,0,True,True,False
txn_000587,CUST-1089,M-009,1871,2026-08-25T11:37:00,DEV-042,IP-001,PI-075,Mumbai,4,838,32,0,True,True,False
txn_000588,CUST-1090,M-020,14786,2026-08-25T11:48:00,DEV-006,IP-019,PI-020,Delhi,13,121,32,2,True,True,True
txn_000589,CUST-1091,M-002,991,2026-08-25T11:59:00,DEV-080,IP-011,PI-046,Bengaluru,2,748,69,0,True,True,False
txn_000590,CUST-1092,M-011,2406,2026-08-25T12:10:00,DEV-017,IP-016,PI-072,Bengaluru,3,854,57,0,True,True,False
txn_000591,CUST-1093,M-012,3594,2026-08-25T12:21:00,DEV-003,IP-023,PI-018,Delhi,1,526,57,0,True,True,False
txn_000592,CUST-1094,M-007,4514,2026-08-25T12:32:00,DEV-070,IP-023,PI-073,Mumbai,3,361,60,0,True,True,False
txn_000593,CUST-1095,M-003,1813,2026-08-25T12:43:00,DEV-077,IP-030,PI-068,Mumbai,4,332,34,0,True,True,False
txn_000594,CUST-1096,M-013,4644,2026-08-25T12:54:00,DEV-059,IP-001,PI-024,Mumbai,3,824,80,0,True,True,False
txn_000595,CUST-1097,M-013,4915,2026-08-25T13:05:00,DEV-009,IP-022,PI-025,Bengaluru,4,814,71,0,True,True,False
txn_000596,CUST-1098,M-011,3857,2026-08-25T13:16:00,DEV-037,IP-011,PI-015,Mumbai,1,74,17,0,True,True,False
txn_000597,CUST-1099,M-016,1376,2026-08-25T13:27:00,DEV-005,IP-007,PI-025,Mumbai,1,614,50,0,True,True,False
txn_000598,CUST-1100,M-002,2596,2026-08-25T13:38:00,DEV-068,IP-020,PI-047,Mumbai,1,43,27,0,True,True,False
txn_000599,CUST-1101,M-012,997,2026-08-25T13:49:00,DEV-011,IP-015,PI-072,Bengaluru,4,871,48,0,True,True,False
txn_000600,CUST-1102,M-017,2677,2026-08-25T14:00:00,DEV-008,IP-027,PI-006,Bengaluru,1,884,39,0,True,True,False
txn_000601,CUST-1103,M-004,8591,2026-08-25T14:11:00,DEV-028,IP-017,PI-030,Bengaluru,7,224,25,2,True,True,True
txn_000602,CUST-1104,M-004,3901,2026-08-25T14:22:00,DEV-023,IP-018,PI-082,Bengaluru,3,720,59,0,True,True,False
txn_000603,CUST-1105,M-006,1352,2026-08-25T14:33:00,DEV-055,IP-029,PI-024,Bengaluru,4,546,44,0,True,True,False
txn_000604,CUST-1106,M-012,4129,2026-08-25T14:44:00,DEV-069,IP-020,PI-041,Bengaluru,3,895,48,0,True,True,False
txn_000605,CUST-1107,M-020,3149,2026-08-25T14:55:00,DEV-056,IP-027,PI-031,Bengaluru,2,414,71,0,True,True,False
txn_000606,CUST-1108,M-015,4206,2026-08-25T15:06:00,DEV-033,IP-012,PI-051,Mumbai,1,321,77,0,True,True,False
txn_000607,CUST-1109,M-001,11945,2026-08-25T15:17:00,DEV-018,IP-029,PI-039,Mumbai,4,352,3,3,True,True,True
txn_000608,CUST-1110,M-004,1767,2026-08-25T15:28:00,DEV-066,IP-018,PI-005,Delhi,3,189,18,0,True,True,False
txn_000609,CUST-1111,M-009,2408,2026-08-25T15:39:00,DEV-075,IP-008,PI-039,Mumbai,4,612,28,0,True,True,False
txn_000610,CUST-1112,M-006,4452,2026-08-25T15:50:00,DEV-042,IP-026,PI-063,Bengaluru,1,639,39,0,True,True,False
txn_000611,CUST-1113,M-002,8285,2026-08-25T16:01:00,DEV-074,IP-013,PI-043,Delhi,14,474,54,1,True,True,True
txn_000612,CUST-1114,M-013,593,2026-08-25T16:12:00,DEV-030,IP-024,PI-007,Delhi,1,356,70,0,True,True,False
txn_000613,CUST-1115,M-005,2308,2026-08-25T16:23:00,DEV-042,IP-017,PI-007,Bengaluru,4,486,77,0,True,True,False
txn_000614,CUST-1116,M-010,4038,2026-08-25T16:34:00,DEV-012,IP-008,PI-051,Mumbai,2,374,11,0,True,True,False
txn_000615,CUST-1117,M-009,3770,2026-08-25T16:45:00,DEV-007,IP-018,PI-011,Delhi,4,822,17,0,True,True,False
txn_000616,CUST-1118,M-016,2122,2026-08-25T16:56:00,DEV-062,IP-018,PI-051,Bengaluru,2,604,79,0,True,True,False
txn_000617,CUST-1119,M-003,2485,2026-08-25T17:07:00,DEV-068,IP-008,PI-035,Delhi,3,731,74,0,True,True,False
txn_000618,CUST-1120,M-012,3492,2026-08-25T17:18:00,DEV-053,IP-014,PI-025,Delhi,3,638,4,0,True,True,False
txn_000619,CUST-1121,M-020,4122,2026-08-25T17:29:00,DEV-022,IP-012,PI-019,Delhi,1,867,30,0,True,True,False
txn_000620,CUST-1122,M-004,1202,2026-08-25T17:40:00,DEV-048,IP-005,PI-007,Mumbai,2,882,37,0,True,True,False
txn_000621,CUST-1123,M-016,14373,2026-08-25T17:51:00,DEV-015,IP-010,PI-003,Delhi,4,787,69,2,True,True,True
txn_000622,CUST-1124,M-018,2618,2026-08-25T18:02:00,DEV-067,IP-025,PI-062,Bengaluru,2,741,3,0,True,True,False
txn_000623,CUST-1125,M-006,2592,2026-08-25T18:13:00,DEV-068,IP-002,PI-008,Delhi,2,838,80,0,True,True,False
txn_000624,CUST-1126,M-003,568,2026-08-25T18:24:00,DEV-060,IP-021,PI-050,Bengaluru,3,708,47,0,True,True,False
txn_000625,CUST-1127,M-008,3666,2026-08-25T18:35:00,DEV-003,IP-010,PI-049,Bengaluru,1,353,63,0,True,True,False
txn_000626,CUST-1128,M-007,2027,2026-08-25T18:46:00,DEV-069,IP-003,PI-065,Delhi,1,70,32,0,True,True,False
txn_000627,CUST-1129,M-013,4513,2026-08-25T18:57:00,DEV-040,IP-011,PI-021,Mumbai,3,730,46,0,True,True,False
txn_000628,CUST-1130,M-009,4606,2026-08-25T19:08:00,DEV-039,IP-008,PI-008,Bengaluru,3,426,4,0,True,True,False
txn_000629,CUST-1131,M-011,1742,2026-08-25T19:19:00,DEV-036,IP-008,PI-051,Bengaluru,2,119,49,0,True,True,False
txn_000630,CUST-1132,M-014,2363,2026-08-25T19:30:00,DEV-079,IP-028,PI-031,Bengaluru,2,466,40,0,True,True,False
txn_000631,CUST-1133,M-005,4941,2026-08-25T19:41:00,DEV-043,IP-015,PI-027,Bengaluru,2,624,70,0,True,True,False
txn_000632,CUST-1134,M-010,1631,2026-08-25T19:52:00,DEV-026,IP-028,PI-089,Bengaluru,2,470,19,0,True,True,False
txn_000633,CUST-1135,M-011,1794,2026-08-25T20:03:00,DEV-073,IP-030,PI-009,Bengaluru,1,218,41,0,True,True,False
txn_000634,CUST-1136,M-011,741,2026-08-25T20:14:00,DEV-019,IP-024,PI-053,Delhi,3,483,36,0,True,True,False
txn_000635,CUST-1137,M-006,1577,2026-08-25T20:25:00,DEV-025,IP-004,PI-004,Bengaluru,3,650,73,0,True,True,False
txn_000636,CUST-1138,M-001,2391,2026-08-25T20:36:00,DEV-077,IP-008,PI-046,Mumbai,4,167,65,0,True,True,False
txn_000637,CUST-1139,M-006,3563,2026-08-25T20:47:00,DEV-061,IP-023,PI-050,Delhi,4,170,21,0,True,True,False
txn_000638,CUST-1140,M-009,622,2026-08-25T20:58:00,DEV-005,IP-014,PI-053,Mumbai,2,805,27,0,True,True,False
txn_000639,CUST-1141,M-011,15027,2026-08-25T21:09:00,DEV-057,IP-028,PI-059,Mumbai,7,444,6,4,True,True,True
txn_000640,CUST-1142,M-017,4892,2026-08-25T21:20:00,DEV-051,IP-020,PI-083,Bengaluru,1,563,14,0,True,True,False
txn_000641,CUST-1143,M-017,2512,2026-08-25T21:31:00,DEV-006,IP-029,PI-069,Delhi,1,601,50,0,True,True,False
txn_000642,CUST-1144,M-015,2885,2026-08-25T21:42:00,DEV-007,IP-007,PI-051,Delhi,3,502,22,0,True,True,False
txn_000643,CUST-1145,M-017,946,2026-08-25T21:53:00,DEV-079,IP-030,PI-019,Delhi,4,122,65,0,True,True,False
txn_000644,CUST-1146,M-005,4976,2026-08-25T22:04:00,DEV-075,IP-029,PI-051,Delhi,3,491,4,0,True,True,False
txn_000645,CUST-1147,M-015,2154,2026-08-25T22:15:00,DEV-076,IP-029,PI-012,Delhi,3,738,21,0,True,True,False
txn_000646,CUST-1148,M-015,1435,2026-08-25T22:26:00,DEV-016,IP-003,PI-082,Delhi,1,566,50,0,True,True,False
txn_000647,CUST-1149,M-013,1809,2026-08-25T22:37:00,DEV-066,IP-020,PI-071,Delhi,1,816,22,0,True,True,False
txn_000648,CUST-1150,M-006,1729,2026-08-25T22:48:00,DEV-073,IP-028,PI-019,Mumbai,1,459,40,0,True,True,False
txn_000649,CUST-1151,M-004,1980,2026-08-25T22:59:00,DEV-058,IP-010,PI-017,Mumbai,1,667,33,0,True,True,False
txn_000650,CUST-1152,M-018,15169,2026-08-25T23:10:00,DEV-064,IP-028,PI-001,Bengaluru,8,273,28,4,True,True,True
txn_000651,CUST-1153,M-008,553,2026-08-25T23:21:00,DEV-057,IP-003,PI-071,Delhi,2,80,24,0,True,True,False
txn_000652,CUST-1154,M-002,1690,2026-08-25T23:32:00,DEV-045,IP-002,PI-086,Bengaluru,3,369,12,0,True,True,False
txn_000653,CUST-1155,M-010,9643,2026-08-25T23:43:00,DEV-054,IP-006,PI-079,Bengaluru,12,746,77,2,True,True,True
txn_000654,CUST-1156,M-003,793,2026-08-25T23:54:00,DEV-075,IP-012,PI-039,Delhi,3,418,9,0,True,True,False
txn_000655,CUST-1157,M-016,2898,2026-08-26T00:05:00,DEV-071,IP-003,PI-018,Mumbai,3,367,68,0,True,True,False
txn_000656,CUST-1158,M-020,2212,2026-08-26T00:16:00,DEV-027,IP-023,PI-008,Mumbai,1,525,78,0,True,True,False
txn_000657,CUST-1159,M-009,3092,2026-08-26T00:27:00,DEV-037,IP-014,PI-068,Bengaluru,3,162,79,0,True,True,False
txn_000658,CUST-1160,M-016,4577,2026-08-26T00:38:00,DEV-067,IP-024,PI-024,Bengaluru,2,755,38,0,True,True,False
txn_000659,CUST-1161,M-015,696,2026-08-26T00:49:00,DEV-001,IP-004,PI-081,Mumbai,2,848,79,0,True,True,False
txn_000660,CUST-1162,M-012,3234,2026-08-26T01:00:00,DEV-053,IP-002,PI-072,Bengaluru,2,41,26,0,True,True,False
txn_000661,CUST-1163,M-010,1055,2026-08-26T01:11:00,DEV-033,IP-026,PI-039,Bengaluru,3,815,1,0,True,True,False
txn_000662,CUST-1164,M-019,3744,2026-08-26T01:22:00,DEV-043,IP-011,PI-079,Mumbai,2,228,43,0,True,True,False
txn_000663,CUST-1165,M-002,4387,2026-08-26T01:33:00,DEV-062,IP-030,PI-083,Mumbai,4,189,59,0,True,True,False
txn_000664,CUST-1166,M-015,3245,2026-08-26T01:44:00,DEV-069,IP-029,PI-053,Bengaluru,1,885,67,0,True,True,False
txn_000665,CUST-1167,M-001,4889,2026-08-26T01:55:00,DEV-041,IP-018,PI-027,Bengaluru,3,848,46,0,True,True,False
txn_000666,CUST-1168,M-011,7510,2026-08-26T02:06:00,DEV-020,IP-009,PI-049,Bengaluru,9,892,22,4,True,True,True
txn_000667,CUST-1169,M-011,3025,2026-08-26T02:17:00,DEV-015,IP-028,PI-005,Delhi,4,118,64,0,True,True,False
txn_000668,CUST-1170,M-007,2979,2026-08-26T02:28:00,DEV-048,IP-015,PI-068,Delhi,2,144,48,0,True,True,False
txn_000669,CUST-1171,M-015,1258,2026-08-26T02:39:00,DEV-026,IP-030,PI-065,Mumbai,4,542,20,0,True,True,False
txn_000670,CUST-1172,M-010,4789,2026-08-26T02:50:00,DEV-062,IP-024,PI-042,Mumbai,1,871,67,0,True,True,False
txn_000671,CUST-1173,M-015,799,2026-08-26T03:01:00,DEV-017,IP-007,PI-050,Bengaluru,1,34,40,0,True,True,False
txn_000672,CUST-1174,M-011,1213,2026-08-26T03:12:00,DEV-077,IP-028,PI-060,Mumbai,1,563,40,0,True,True,False
txn_000673,CUST-1175,M-011,10438,2026-08-26T03:23:00,DEV-040,IP-021,PI-026,Mumbai,5,313,69,3,True,True,True
txn_000674,CUST-1176,M-006,1723,2026-08-26T03:34:00,DEV-016,IP-009,PI-036,Mumbai,1,667,72,0,True,True,False
txn_000675,CUST-1177,M-018,3369,2026-08-26T03:45:00,DEV-027,IP-018,PI-041,Delhi,2,751,37,0,True,True,False
txn_000676,CUST-1178,M-020,3050,2026-08-26T03:56:00,DEV-022,IP-003,PI-044,Bengaluru,4,81,17,0,True,True,False
txn_000677,CUST-1179,M-002,13284,2026-08-26T04:07:00,DEV-007,IP-004,PI-012,Delhi,7,213,77,4,True,True,True
txn_000678,CUST-1180,M-018,2123,2026-08-26T04:18:00,DEV-040,IP-011,PI-011,Delhi,2,125,60,0,True,True,False
txn_000679,CUST-1181,M-016,4312,2026-08-26T04:29:00,DEV-040,IP-022,PI-030,Mumbai,2,661,34,0,True,True,False
txn_000680,CUST-1182,M-011,3206,2026-08-26T04:40:00,DEV-051,IP-006,PI-059,Delhi,1,96,61,0,True,True,False
txn_000681,CUST-1183,M-010,1899,2026-08-26T04:51:00,DEV-062,IP-015,PI-045,Bengaluru,2,550,14,0,True,True,False
txn_000682,CUST-1184,M-010,1081,2026-08-26T05:02:00,DEV-014,IP-011,PI-069,Delhi,4,634,53,0,True,True,False
txn_000683,CUST-1185,M-016,1802,2026-08-26T05:13:00,DEV-032,IP-018,PI-050,Mumbai,3,243,76,0,True,True,False
txn_000684,CUST-1186,M-018,3303,2026-08-26T05:24:00,DEV-056,IP-019,PI-089,Mumbai,2,708,10,0,True,True,False
txn_000685,CUST-1187,M-004,4486,2026-08-26T05:35:00,DEV-074,IP-027,PI-076,Bengaluru,4,363,72,0,True,True,False
txn_000686,CUST-1188,M-013,3023,2026-08-26T05:46:00,DEV-057,IP-006,PI-009,Bengaluru,1,731,77,0,True,True,False
txn_000687,CUST-1189,M-002,4549,2026-08-26T05:57:00,DEV-049,IP-011,PI-012,Mumbai,2,624,1,0,True,True,False
txn_000688,CUST-1190,M-010,4852,2026-08-26T06:08:00,DEV-020,IP-015,PI-050,Bengaluru,4,230,27,0,True,True,False
txn_000689,CUST-1191,M-014,2994,2026-08-26T06:19:00,DEV-041,IP-010,PI-045,Mumbai,1,656,66,0,True,True,False
txn_000690,CUST-1192,M-002,2909,2026-08-26T06:30:00,DEV-017,IP-028,PI-048,Bengaluru,1,30,72,0,True,True,False
txn_000691,CUST-1193,M-001,2811,2026-08-26T06:41:00,DEV-046,IP-004,PI-031,Delhi,4,670,41,0,True,True,False
txn_000692,CUST-1194,M-018,4065,2026-08-26T06:52:00,DEV-052,IP-013,PI-028,Bengaluru,2,516,18,0,True,True,False
txn_000693,CUST-1195,M-014,3451,2026-08-26T07:03:00,DEV-050,IP-027,PI-020,Delhi,2,167,2,0,True,True,False
txn_000694,CUST-1196,M-014,14974,2026-08-26T07:14:00,DEV-003,IP-005,PI-018,Mumbai,3,687,54,4,True,True,True
txn_000695,CUST-1197,M-020,3987,2026-08-26T07:25:00,DEV-078,IP-030,PI-024,Delhi,4,595,58,0,True,True,False
txn_000696,CUST-1198,M-020,3979,2026-08-26T07:36:00,DEV-029,IP-006,PI-001,Bengaluru,4,897,31,0,True,True,False
txn_000697,CUST-1199,M-019,4974,2026-08-26T07:47:00,DEV-035,IP-014,PI-047,Mumbai,1,611,62,0,True,True,False
txn_000698,CUST-1200,M-003,4444,2026-08-26T07:58:00,DEV-015,IP-019,PI-019,Bengaluru,3,506,67,0,True,True,False
txn_000699,CUST-1201,M-016,11017,2026-08-26T08:09:00,DEV-079,IP-003,PI-081,Bengaluru,11,714,10,3,True,True,True
txn_000700,CUST-1202,M-016,588,2026-08-26T08:20:00,DEV-044,IP-018,PI-059,Bengaluru,4,617,43,0,True,True,False
txn_000701,CUST-1203,M-002,1872,2026-08-26T08:31:00,DEV-038,IP-010,PI-089,Bengaluru,3,774,73,0,True,True,False
txn_000702,CUST-1204,M-019,1885,2026-08-26T08:42:00,DEV-061,IP-019,PI-007,Bengaluru,3,858,80,0,True,True,False
txn_000703,CUST-1205,M-017,9077,2026-08-26T08:53:00,DEV-063,IP-003,PI-010,Delhi,5,165,79,3,True,True,True
txn_000704,CUST-1206,M-020,1413,2026-08-26T09:04:00,DEV-033,IP-001,PI-023,Bengaluru,2,704,58,0,True,True,False
txn_000705,CUST-1207,M-016,2434,2026-08-26T09:15:00,DEV-023,IP-009,PI-024,Bengaluru,1,381,11,0,True,True,False
txn_000706,CUST-1208,M-016,1762,2026-08-26T09:26:00,DEV-077,IP-030,PI-053,Delhi,2,706,57,0,True,True,False
txn_000707,CUST-1209,M-002,3326,2026-08-26T09:37:00,DEV-022,IP-007,PI-083,Delhi,1,83,22,0,True,True,False
txn_000708,CUST-1210,M-018,4401,2026-08-26T09:48:00,DEV-061,IP-010,PI-030,Delhi,4,515,34,0,True,True,False
txn_000709,CUST-1211,M-015,2865,2026-08-26T09:59:00,DEV-056,IP-001,PI-049,Bengaluru,3,572,6,0,True,True,False
txn_000710,CUST-1212,M-014,3398,2026-08-26T10:10:00,DEV-069,IP-021,PI-079,Bengaluru,3,373,35,0,True,True,False
txn_000711,CUST-1213,M-015,3704,2026-08-26T10:21:00,DEV-013,IP-009,PI-087,Bengaluru,2,781,76,0,True,True,False
txn_000712,CUST-1214,M-011,1973,2026-08-26T10:32:00,DEV-067,IP-011,PI-071,Mumbai,1,881,9,0,True,True,False
txn_000713,CUST-1215,M-015,8702,2026-08-26T10:43:00,DEV-013,IP-017,PI-045,Mumbai,12,320,33,2,True,True,True
txn_000714,CUST-1216,M-020,7931,2026-08-26T10:54:00,DEV-080,IP-003,PI-085,Mumbai,10,683,16,1,True,True,True
txn_000715,CUST-1217,M-019,3579,2026-08-26T11:05:00,DEV-078,IP-005,PI-024,Mumbai,2,289,38,0,True,True,False
txn_000716,CUST-1218,M-009,4214,2026-08-26T11:16:00,DEV-010,IP-021,PI-055,Bengaluru,3,293,21,0,True,True,False
txn_000717,CUST-1219,M-013,1011,2026-08-26T11:27:00,DEV-036,IP-025,PI-050,Delhi,1,294,34,0,True,True,False
txn_000718,CUST-1220,M-020,2143,2026-08-26T11:38:00,DEV-009,IP-016,PI-051,Mumbai,4,141,19,0,True,True,False
txn_000719,CUST-1221,M-015,1370,2026-08-26T11:49:00,DEV-056,IP-007,PI-034,Mumbai,1,104,10,0,True,True,False
txn_000720,CUST-1042,M-001,4152,2026-08-26T12:00:00,DEV-033,IP-025,PI-064,Mumbai,1,68,50,0,True,True,False
txn_000721,CUST-1043,M-019,3705,2026-08-26T12:11:00,DEV-043,IP-029,PI-001,Bengaluru,4,519,56,0,True,True,False
txn_000722,CUST-1044,M-001,2350,2026-08-26T12:22:00,DEV-009,IP-018,PI-050,Bengaluru,4,154,73,0,True,True,False
txn_000723,CUST-1045,M-013,2980,2026-08-26T12:33:00,DEV-046,IP-011,PI-008,Bengaluru,1,404,69,0,True,True,False
txn_000724,CUST-1046,M-010,4265,2026-08-26T12:44:00,DEV-044,IP-003,PI-083,Mumbai,2,597,6,0,True,True,False
txn_000725,CUST-1047,M-004,3695,2026-08-26T12:55:00,DEV-025,IP-010,PI-081,Bengaluru,3,528,11,0,True,True,False
txn_000726,CUST-1048,M-005,2052,2026-08-26T13:06:00,DEV-057,IP-024,PI-005,Mumbai,1,767,76,0,True,True,False
txn_000727,CUST-1049,M-010,4928,2026-08-26T13:17:00,DEV-050,IP-003,PI-064,Bengaluru,4,46,5,0,True,True,False
txn_000728,CUST-1050,M-013,850,2026-08-26T13:28:00,DEV-044,IP-026,PI-016,Mumbai,4,724,69,0,True,True,False
txn_000729,CUST-1051,M-002,1090,2026-08-26T13:39:00,DEV-075,IP-008,PI-019,Delhi,1,512,80,0,True,True,False
txn_000730,CUST-1052,M-002,9822,2026-08-26T13:50:00,DEV-017,IP-001,PI-040,Mumbai,8,655,22,1,True,True,True
txn_000731,CUST-1053,M-020,4572,2026-08-26T14:01:00,DEV-014,IP-004,PI-079,Mumbai,1,853,26,0,True,True,False
txn_000732,CUST-1054,M-019,1489,2026-08-26T14:12:00,DEV-052,IP-011,PI-070,Mumbai,3,886,28,0,True,True,False
txn_000733,CUST-1055,M-003,3248,2026-08-26T14:23:00,DEV-076,IP-006,PI-016,Delhi,2,805,54,0,True,True,False
txn_000734,CUST-1056,M-015,1851,2026-08-26T14:34:00,DEV-048,IP-018,PI-032,Bengaluru,1,166,13,0,True,True,False
txn_000735,CUST-1057,M-001,1792,2026-08-26T14:45:00,DEV-079,IP-013,PI-063,Mumbai,1,37,23,0,True,True,False
txn_000736,CUST-1058,M-014,2824,2026-08-26T14:56:00,DEV-076,IP-029,PI-089,Delhi,2,241,19,0,True,True,False
txn_000737,CUST-1059,M-008,3875,2026-08-26T15:07:00,DEV-067,IP-015,PI-023,Bengaluru,1,640,24,0,True,True,False
txn_000738,CUST-1060,M-012,2967,2026-08-26T15:18:00,DEV-079,IP-003,PI-054,Mumbai,2,226,16,0,True,True,False
txn_000739,CUST-1061,M-018,3464,2026-08-26T15:29:00,DEV-013,IP-020,PI-065,Mumbai,4,818,27,0,True,True,False
txn_000740,CUST-1062,M-016,1722,2026-08-26T15:40:00,DEV-025,IP-004,PI-064,Mumbai,2,716,6,0,True,True,False
txn_000741,CUST-1063,M-014,10433,2026-08-26T15:51:00,DEV-047,IP-010,PI-033,Delhi,10,854,59,1,True,True,True
txn_000742,CUST-1064,M-006,4902,2026-08-26T16:02:00,DEV-007,IP-030,PI-021,Mumbai,4,557,15,0,True,True,False
txn_000743,CUST-1065,M-019,14287,2026-08-26T16:13:00,DEV-031,IP-024,PI-075,Delhi,7,233,42,2,True,True,True
txn_000744,CUST-1066,M-008,1303,2026-08-26T16:24:00,DEV-042,IP-008,PI-053,Mumbai,4,255,10,0,True,True,False
txn_000745,CUST-1067,M-005,4070,2026-08-26T16:35:00,DEV-063,IP-002,PI-028,Bengaluru,4,212,50,0,True,True,False
txn_000746,CUST-1068,M-012,2090,2026-08-26T16:46:00,DEV-059,IP-024,PI-035,Mumbai,3,160,5,0,True,True,False
txn_000747,CUST-1069,M-004,1618,2026-08-26T16:57:00,DEV-008,IP-009,PI-060,Delhi,4,205,44,0,True,True,False
txn_000748,CUST-1070,M-020,1784,2026-08-26T17:08:00,DEV-038,IP-020,PI-022,Bengaluru,2,118,53,0,True,True,False
txn_000749,CUST-1071,M-019,2273,2026-08-26T17:19:00,DEV-063,IP-028,PI-061,Delhi,3,44,55,0,True,True,False
txn_000750,CUST-1072,M-014,3181,2026-08-26T17:30:00,DEV-032,IP-008,PI-075,Mumbai,2,617,1,0,True,True,False
txn_000751,CUST-1073,M-017,4355,2026-08-26T17:41:00,DEV-006,IP-002,PI-005,Delhi,4,520,13,0,True,True,False
txn_000752,CUST-1074,M-014,601,2026-08-26T17:52:00,DEV-031,IP-003,PI-028,Mumbai,3,332,31,0,True,True,False
txn_000753,CUST-1075,M-010,4430,2026-08-26T18:03:00,DEV-012,IP-001,PI-021,Bengaluru,4,614,75,0,True,True,False
txn_000754,CUST-1076,M-013,9271,2026-08-26T18:14:00,DEV-059,IP-015,PI-024,Delhi,11,505,1,1,True,True,True
txn_000755,CUST-1077,M-010,767,2026-08-26T18:25:00,DEV-043,IP-017,PI-055,Delhi,2,836,11,0,True,True,False
txn_000756,CUST-1078,M-017,949,2026-08-26T18:36:00,DEV-043,IP-024,PI-087,Delhi,1,143,50,0,True,True,False
txn_000757,CUST-1079,M-012,3494,2026-08-26T18:47:00,DEV-080,IP-002,PI-023,Bengaluru,1,604,27,0,True,True,False
txn_000758,CUST-1080,M-004,4920,2026-08-26T18:58:00,DEV-043,IP-008,PI-084,Delhi,2,801,29,0,True,True,False
txn_000759,CUST-1081,M-009,3964,2026-08-26T19:09:00,DEV-035,IP-017,PI-007,Mumbai,3,383,58,0,True,True,False
txn_000760,CUST-1082,M-016,1505,2026-08-26T19:20:00,DEV-068,IP-027,PI-069,Bengaluru,3,492,80,0,True,True,False
txn_000761,CUST-1083,M-003,4250,2026-08-26T19:31:00,DEV-009,IP-007,PI-011,Delhi,2,325,10,0,True,True,False
txn_000762,CUST-1084,M-016,1712,2026-08-26T19:42:00,DEV-036,IP-004,PI-020,Mumbai,1,330,54,0,True,True,False
txn_000763,CUST-1085,M-016,1581,2026-08-26T19:53:00,DEV-070,IP-030,PI-045,Delhi,4,785,3,0,True,True,False
txn_000764,CUST-1086,M-017,2403,2026-08-26T20:04:00,DEV-009,IP-001,PI-083,Delhi,4,622,44,0,True,True,False
txn_000765,CUST-1087,M-018,4843,2026-08-26T20:15:00,DEV-042,IP-016,PI-057,Delhi,3,610,17,0,True,True,False
txn_000766,CUST-1088,M-008,2629,2026-08-26T20:26:00,DEV-040,IP-006,PI-062,Delhi,3,818,7,0,True,True,False
txn_000767,CUST-1089,M-020,1862,2026-08-26T20:37:00,DEV-037,IP-015,PI-021,Bengaluru,3,216,23,0,True,True,False
txn_000768,CUST-1090,M-004,2448,2026-08-26T20:48:00,DEV-020,IP-006,PI-006,Delhi,2,481,34,0,True,True,False
txn_000769,CUST-1091,M-011,784,2026-08-26T20:59:00,DEV-027,IP-018,PI-045,Mumbai,3,489,70,0,True,True,False
txn_000770,CUST-1092,M-001,1495,2026-08-26T21:10:00,DEV-069,IP-010,PI-052,Delhi,2,499,41,0,True,True,False
txn_000771,CUST-1093,M-010,3213,2026-08-26T21:21:00,DEV-070,IP-017,PI-061,Delhi,2,848,73,0,True,True,False
txn_000772,CUST-1094,M-016,1420,2026-08-26T21:32:00,DEV-057,IP-011,PI-006,Mumbai,1,345,4,0,True,True,False
txn_000773,CUST-1095,M-003,3427,2026-08-26T21:43:00,DEV-029,IP-015,PI-042,Mumbai,2,627,68,0,True,True,False
txn_000774,CUST-1096,M-003,684,2026-08-26T21:54:00,DEV-036,IP-007,PI-069,Delhi,1,554,51,0,True,True,False
txn_000775,CUST-1097,M-002,4690,2026-08-26T22:05:00,DEV-041,IP-020,PI-086,Delhi,4,181,55,0,True,True,False
txn_000776,CUST-1098,M-012,2831,2026-08-26T22:16:00,DEV-048,IP-001,PI-045,Delhi,4,604,12,0,True,True,False
txn_000777,CUST-1099,M-015,3904,2026-08-26T22:27:00,DEV-057,IP-024,PI-037,Mumbai,4,776,54,0,True,True,False
txn_000778,CUST-1100,M-005,1205,2026-08-26T22:38:00,DEV-076,IP-020,PI-027,Delhi,4,567,43,0,True,True,False
txn_000779,CUST-1101,M-003,13156,2026-08-26T22:49:00,DEV-076,IP-025,PI-001,Delhi,11,309,54,2,True,True,True
txn_000780,CUST-1102,M-007,1621,2026-08-26T23:00:00,DEV-073,IP-025,PI-024,Delhi,3,597,63,0,True,True,False
txn_000781,CUST-1103,M-016,11979,2026-08-26T23:11:00,DEV-039,IP-027,PI-072,Bengaluru,8,259,4,1,True,True,True
txn_000782,CUST-1104,M-004,4371,2026-08-26T23:22:00,DEV-039,IP-021,PI-084,Bengaluru,3,457,23,0,True,True,False
txn_000783,CUST-1105,M-009,1477,2026-08-26T23:33:00,DEV-032,IP-001,PI-064,Mumbai,3,625,62,0,True,True,False
txn_000784,CUST-1106,M-004,4399,2026-08-26T23:44:00,DEV-034,IP-021,PI-048,Bengaluru,1,895,34,0,True,True,False
txn_000785,CUST-1107,M-015,3118,2026-08-26T23:55:00,DEV-008,IP-005,PI-089,Mumbai,3,197,7,0,True,True,False
txn_000786,CUST-1108,M-002,3416,2026-08-27T00:06:00,DEV-054,IP-021,PI-038,Delhi,1,556,25,0,True,True,False
txn_000787,CUST-1109,M-020,1274,2026-08-27T00:17:00,DEV-024,IP-025,PI-022,Bengaluru,3,353,39,0,True,True,False
txn_000788,CUST-1110,M-019,4877,2026-08-27T00:28:00,DEV-047,IP-004,PI-046,Mumbai,1,170,67,0,True,True,False
txn_000789,CUST-1111,M-006,3287,2026-08-27T00:39:00,DEV-063,IP-014,PI-014,Mumbai,2,545,29,0,True,True,False
txn_000790,CUST-1112,M-018,4806,2026-08-27T00:50:00,DEV-072,IP-020,PI-071,Bengaluru,1,457,59,0,True,True,False
txn_000791,CUST-1113,M-001,1575,2026-08-27T01:01:00,DEV-015,IP-027,PI-062,Delhi,3,737,47,0,True,True,False
txn_000792,CUST-1114,M-011,4785,2026-08-27T01:12:00,DEV-057,IP-029,PI-023,Bengaluru,3,59,16,0,True,True,False
txn_000793,CUST-1115,M-010,2356,2026-08-27T01:23:00,DEV-019,IP-023,PI-017,Mumbai,2,110,55,0,True,True,False
txn_000794,CUST-1116,M-016,654,2026-08-27T01:34:00,DEV-015,IP-003,PI-056,Mumbai,2,140,5,0,True,True,False
txn_000795,CUST-1117,M-016,985,2026-08-27T01:45:00,DEV-066,IP-019,PI-016,Delhi,1,97,39,0,True,True,False
txn_000796,CUST-1118,M-020,1514,2026-08-27T01:56:00,DEV-013,IP-026,PI-027,Bengaluru,2,219,45,0,True,True,False
txn_000797,CUST-1119,M-019,11544,2026-08-27T02:07:00,DEV-019,IP-028,PI-045,Delhi,3,542,79,2,True,True,True
txn_000798,CUST-1120,M-017,614,2026-08-27T02:18:00,DEV-009,IP-004,PI-028,Bengaluru,2,318,22,0,True,True,False
txn_000799,CUST-1121,M-007,1308,2026-08-27T02:29:00,DEV-069,IP-001,PI-065,Bengaluru,4,405,76,0,True,True,False
txn_000800,CUST-1122,M-013,3406,2026-08-27T02:40:00,DEV-014,IP-006,PI-055,Mumbai,2,447,15,0,True,True,False
txn_000801,CUST-1123,M-004,4316,2026-08-27T02:51:00,DEV-041,IP-004,PI-067,Mumbai,4,810,47,0,True,True,False
txn_000802,CUST-1124,M-003,832,2026-08-27T03:02:00,DEV-072,IP-024,PI-042,Delhi,1,424,37,0,True,True,False
txn_000803,CUST-1125,M-008,4136,2026-08-27T03:13:00,DEV-040,IP-022,PI-071,Delhi,3,468,25,0,True,True,False
txn_000804,CUST-1126,M-006,3510,2026-08-27T03:24:00,DEV-061,IP-022,PI-002,Bengaluru,4,718,14,0,True,True,False
txn_000805,CUST-1127,M-004,1196,2026-08-27T03:35:00,DEV-067,IP-022,PI-019,Delhi,4,741,76,0,True,True,False
txn_000806,CUST-1128,M-007,3479,2026-08-27T03:46:00,DEV-022,IP-003,PI-044,Mumbai,4,155,30,0,True,True,False
txn_000807,CUST-1129,M-013,2736,2026-08-27T03:57:00,DEV-064,IP-009,PI-046,Delhi,4,526,66,0,True,True,False
txn_000808,CUST-1130,M-009,1500,2026-08-27T04:08:00,DEV-059,IP-004,PI-063,Delhi,2,673,18,0,True,True,False
txn_000809,CUST-1131,M-016,8117,2026-08-27T04:19:00,DEV-007,IP-027,PI-087,Mumbai,3,421,78,3,True,True,True
txn_000810,CUST-1132,M-003,1289,2026-08-27T04:30:00,DEV-080,IP-020,PI-085,Bengaluru,4,841,60,0,True,True,False
txn_000811,CUST-1133,M-009,4635,2026-08-27T04:41:00,DEV-064,IP-016,PI-070,Delhi,1,812,5,0,True,True,False
txn_000812,CUST-1134,M-011,4187,2026-08-27T04:52:00,DEV-016,IP-013,PI-049,Delhi,4,66,5,0,True,True,False
txn_000813,CUST-1135,M-016,1844,2026-08-27T05:03:00,DEV-039,IP-029,PI-056,Mumbai,3,762,50,0,True,True,False
txn_000814,CUST-1136,M-018,4518,2026-08-27T05:14:00,DEV-015,IP-019,PI-088,Bengaluru,4,517,72,0,True,True,False
txn_000815,CUST-1137,M-009,3706,2026-08-27T05:25:00,DEV-065,IP-002,PI-064,Bengaluru,4,661,46,0,True,True,False
txn_000816,CUST-1138,M-001,1003,2026-08-27T05:36:00,DEV-037,IP-011,PI-076,Mumbai,2,887,47,0,True,True,False
txn_000817,CUST-1139,M-013,3295,2026-08-27T05:47:00,DEV-075,IP-001,PI-013,Delhi,3,395,53,0,True,True,False
txn_000818,CUST-1140,M-010,2422,2026-08-27T05:58:00,DEV-032,IP-008,PI-076,Mumbai,1,342,15,0,True,True,False
txn_000819,CUST-1141,M-002,3171,2026-08-27T06:09:00,DEV-003,IP-018,PI-059,Bengaluru,4,611,66,0,True,True,False
txn_000820,CUST-1142,M-019,4347,2026-08-27T06:20:00,DEV-035,IP-001,PI-003,Delhi,4,614,50,0,True,True,False
txn_000821,CUST-1143,M-004,4500,2026-08-27T06:31:00,DEV-013,IP-026,PI-089,Bengaluru,2,374,64,0,True,True,False
txn_000822,CUST-1144,M-012,2953,2026-08-27T06:42:00,DEV-044,IP-006,PI-056,Mumbai,4,680,10,0,True,True,False
txn_000823,CUST-1145,M-009,2854,2026-08-27T06:53:00,DEV-069,IP-007,PI-007,Delhi,4,853,29,0,True,True,False
txn_000824,CUST-1146,M-019,1276,2026-08-27T07:04:00,DEV-012,IP-023,PI-044,Delhi,1,610,68,0,True,True,False
txn_000825,CUST-1147,M-010,1128,2026-08-27T07:15:00,DEV-027,IP-012,PI-065,Delhi,4,709,70,0,True,True,False
txn_000826,CUST-1148,M-020,2558,2026-08-27T07:26:00,DEV-054,IP-013,PI-066,Delhi,2,49,67,0,True,True,False
txn_000827,CUST-1149,M-015,2244,2026-08-27T07:37:00,DEV-074,IP-016,PI-035,Bengaluru,4,609,8,0,True,True,False
txn_000828,CUST-1150,M-008,1710,2026-08-27T07:48:00,DEV-047,IP-015,PI-020,Bengaluru,3,894,56,0,True,True,False
txn_000829,CUST-1151,M-014,2167,2026-08-27T07:59:00,DEV-009,IP-021,PI-035,Delhi,2,292,77,0,True,True,False
txn_000830,CUST-1152,M-007,1728,2026-08-27T08:10:00,DEV-031,IP-004,PI-004,Mumbai,3,505,63,0,True,True,False
txn_000831,CUST-1153,M-007,803,2026-08-27T08:21:00,DEV-056,IP-014,PI-021,Delhi,2,59,34,0,True,True,False
txn_000832,CUST-1154,M-002,1941,2026-08-27T08:32:00,DEV-036,IP-022,PI-063,Mumbai,1,115,41,0,True,True,False
txn_000833,CUST-1155,M-012,3834,2026-08-27T08:43:00,DEV-009,IP-029,PI-086,Bengaluru,1,436,18,0,True,True,False
txn_000834,CUST-1156,M-004,4598,2026-08-27T08:54:00,DEV-074,IP-024,PI-067,Bengaluru,3,538,12,0,True,True,False
txn_000835,CUST-1157,M-011,3067,2026-08-27T09:05:00,DEV-016,IP-025,PI-075,Bengaluru,4,855,31,0,True,True,False
txn_000836,CUST-1158,M-006,1375,2026-08-27T09:16:00,DEV-028,IP-005,PI-028,Delhi,4,448,33,0,True,True,False
txn_000837,CUST-1159,M-012,4870,2026-08-27T09:27:00,DEV-008,IP-016,PI-090,Mumbai,3,588,55,0,True,True,False
txn_000838,CUST-1160,M-012,1687,2026-08-27T09:38:00,DEV-032,IP-009,PI-061,Bengaluru,3,871,40,0,True,True,False
txn_000839,CUST-1161,M-008,7895,2026-08-27T09:49:00,DEV-078,IP-002,PI-033,Bengaluru,7,346,47,1,True,True,True
txn_000840,CUST-1162,M-013,4124,2026-08-27T10:00:00,DEV-031,IP-028,PI-002,Delhi,3,338,12,0,True,True,False
txn_000841,CUST-1163,M-006,2223,2026-08-27T10:11:00,DEV-031,IP-010,PI-057,Bengaluru,3,861,53,0,True,True,False
txn_000842,CUST-1164,M-016,1156,2026-08-27T10:22:00,DEV-036,IP-028,PI-061,Bengaluru,4,891,43,0,True,True,False
txn_000843,CUST-1165,M-009,1813,2026-08-27T10:33:00,DEV-013,IP-027,PI-065,Mumbai,3,460,78,0,True,True,False
txn_000844,CUST-1166,M-015,3176,2026-08-27T10:44:00,DEV-071,IP-024,PI-089,Mumbai,1,686,24,0,True,True,False
txn_000845,CUST-1167,M-007,3782,2026-08-27T10:55:00,DEV-018,IP-001,PI-081,Delhi,3,619,11,0,True,True,False
txn_000846,CUST-1168,M-020,1565,2026-08-27T11:06:00,DEV-032,IP-017,PI-088,Delhi,3,492,62,0,True,True,False
txn_000847,CUST-1169,M-019,1921,2026-08-27T11:17:00,DEV-018,IP-009,PI-042,Delhi,2,116,54,0,True,True,False
txn_000848,CUST-1170,M-019,3591,2026-08-27T11:28:00,DEV-051,IP-029,PI-029,Mumbai,1,601,79,0,True,True,False
txn_000849,CUST-1171,M-009,2124,2026-08-27T11:39:00,DEV-012,IP-015,PI-090,Mumbai,1,440,80,0,True,True,False
txn_000850,CUST-1172,M-012,1229,2026-08-27T11:50:00,DEV-034,IP-005,PI-022,Bengaluru,1,44,68,0,True,True,False
txn_000851,CUST-1173,M-004,4548,2026-08-27T12:01:00,DEV-059,IP-027,PI-029,Bengaluru,2,225,35,0,True,True,False
txn_000852,CUST-1174,M-014,1566,2026-08-27T12:12:00,DEV-064,IP-013,PI-027,Bengaluru,2,873,37,0,True,True,False
txn_000853,CUST-1175,M-014,1977,2026-08-27T12:23:00,DEV-025,IP-014,PI-019,Mumbai,3,298,31,0,True,True,False
txn_000854,CUST-1176,M-003,4253,2026-08-27T12:34:00,DEV-032,IP-012,PI-002,Delhi,2,361,51,0,True,True,False
txn_000855,CUST-1177,M-020,3967,2026-08-27T12:45:00,DEV-050,IP-023,PI-033,Mumbai,1,600,8,0,True,True,False
txn_000856,CUST-1178,M-020,12804,2026-08-27T12:56:00,DEV-031,IP-016,PI-086,Bengaluru,12,796,6,1,True,True,True
txn_000857,CUST-1179,M-013,2978,2026-08-27T13:07:00,DEV-080,IP-013,PI-086,Delhi,2,602,6,0,True,True,False
txn_000858,CUST-1180,M-016,4626,2026-08-27T13:18:00,DEV-034,IP-006,PI-044,Delhi,2,121,41,0,True,True,False
txn_000859,CUST-1181,M-004,2633,2026-08-27T13:29:00,DEV-056,IP-005,PI-041,Mumbai,2,541,36,0,True,True,False
txn_000860,CUST-1182,M-020,2656,2026-08-27T13:40:00,DEV-056,IP-010,PI-034,Bengaluru,3,476,22,0,True,True,False
txn_000861,CUST-1183,M-018,1739,2026-08-27T13:51:00,DEV-063,IP-025,PI-085,Bengaluru,4,84,25,0,True,True,False
txn_000862,CUST-1184,M-016,793,2026-08-27T14:02:00,DEV-030,IP-006,PI-034,Mumbai,4,476,15,0,True,True,False
txn_000863,CUST-1185,M-012,4116,2026-08-27T14:13:00,DEV-064,IP-002,PI-072,Delhi,4,534,15,0,True,True,False
txn_000864,CUST-1186,M-003,3363,2026-08-27T14:24:00,DEV-019,IP-004,PI-027,Delhi,2,884,22,0,True,True,False
txn_000865,CUST-1187,M-019,2239,2026-08-27T14:35:00,DEV-035,IP-019,PI-001,Bengaluru,2,456,10,0,True,True,False
txn_000866,CUST-1188,M-011,1272,2026-08-27T14:46:00,DEV-064,IP-022,PI-004,Delhi,1,433,48,0,True,True,False
txn_000867,CUST-1189,M-005,3150,2026-08-27T14:57:00,DEV-014,IP-027,PI-004,Mumbai,4,880,62,0,True,True,False
txn_000868,CUST-1190,M-011,547,2026-08-27T15:08:00,DEV-035,IP-020,PI-006,Bengaluru,4,362,73,0,True,True,False
txn_000869,CUST-1191,M-011,2817,2026-08-27T15:19:00,DEV-007,IP-026,PI-008,Bengaluru,1,590,78,0,True,True,False
txn_000870,CUST-1192,M-008,1958,2026-08-27T15:30:00,DEV-052,IP-009,PI-052,Mumbai,1,243,21,0,True,True,False
txn_000871,CUST-1193,M-004,1762,2026-08-27T15:41:00,DEV-052,IP-010,PI-039,Delhi,4,783,40,0,True,True,False
txn_000872,CUST-1194,M-004,3441,2026-08-27T15:52:00,DEV-078,IP-005,PI-048,Bengaluru,2,531,58,0,True,True,False
txn_000873,CUST-1195,M-003,3965,2026-08-27T16:03:00,DEV-061,IP-009,PI-055,Delhi,2,474,55,0,True,True,False
txn_000874,CUST-1196,M-008,4297,2026-08-27T16:14:00,DEV-066,IP-011,PI-083,Bengaluru,2,537,68,0,True,True,False
txn_000875,CUST-1197,M-015,2881,2026-08-27T16:25:00,DEV-068,IP-003,PI-056,Mumbai,4,337,20,0,True,True,False
txn_000876,CUST-1198,M-017,2536,2026-08-27T16:36:00,DEV-039,IP-027,PI-055,Delhi,1,594,10,0,True,True,False
txn_000877,CUST-1199,M-014,4683,2026-08-27T16:47:00,DEV-066,IP-004,PI-053,Mumbai,4,706,73,0,True,True,False
txn_000878,CUST-1200,M-017,1169,2026-08-27T16:58:00,DEV-046,IP-009,PI-003,Mumbai,4,213,24,0,True,True,False
txn_000879,CUST-1201,M-010,3909,2026-08-27T17:09:00,DEV-006,IP-003,PI-041,Bengaluru,4,805,58,0,True,True,False
txn_000880,CUST-1202,M-007,2033,2026-08-27T17:20:00,DEV-034,IP-011,PI-024,Mumbai,3,719,14,0,True,True,False
txn_000881,CUST-1203,M-004,3735,2026-08-27T17:31:00,DEV-003,IP-001,PI-002,Mumbai,4,501,52,0,True,True,False
txn_000882,CUST-1204,M-010,4487,2026-08-27T17:42:00,DEV-078,IP-024,PI-080,Bengaluru,3,737,51,0,True,True,False
txn_000883,CUST-1205,M-001,1606,2026-08-27T17:53:00,DEV-012,IP-005,PI-025,Mumbai,1,742,25,0,True,True,False
txn_000884,CUST-1206,M-008,1689,2026-08-27T18:04:00,DEV-027,IP-016,PI-056,Bengaluru,2,118,39,0,True,True,False
txn_000885,CUST-1207,M-001,3956,2026-08-27T18:15:00,DEV-019,IP-016,PI-015,Mumbai,2,786,57,0,True,True,False
txn_000886,CUST-1208,M-019,4182,2026-08-27T18:26:00,DEV-061,IP-001,PI-032,Mumbai,3,613,51,0,True,True,False
txn_000887,CUST-1209,M-014,14074,2026-08-27T18:37:00,DEV-002,IP-004,PI-064,Bengaluru,10,640,71,3,True,True,True
txn_000888,CUST-1210,M-019,15410,2026-08-27T18:48:00,DEV-052,IP-016,PI-079,Bengaluru,14,529,30,1,True,True,True
txn_000889,CUST-1211,M-018,3087,2026-08-27T18:59:00,DEV-055,IP-019,PI-009,Delhi,4,514,15,0,True,True,False
txn_000890,CUST-1212,M-001,4073,2026-08-27T19:10:00,DEV-045,IP-015,PI-021,Delhi,2,510,45,0,True,True,False
txn_000891,CUST-1213,M-020,3278,2026-08-27T19:21:00,DEV-065,IP-008,PI-085,Delhi,2,330,50,0,True,True,False
txn_000892,CUST-1214,M-006,4369,2026-08-27T19:32:00,DEV-047,IP-026,PI-080,Mumbai,3,737,12,0,True,True,False
txn_000893,CUST-1215,M-006,2134,2026-08-27T19:43:00,DEV-017,IP-006,PI-078,Delhi,1,842,54,0,True,True,False
txn_000894,CUST-1216,M-007,2422,2026-08-27T19:54:00,DEV-064,IP-010,PI-072,Mumbai,1,397,34,0,True,True,False
txn_000895,CUST-1217,M-002,4624,2026-08-27T20:05:00,DEV-021,IP-006,PI-009,Delhi,4,146,80,0,True,True,False
txn_000896,CUST-1218,M-009,4484,2026-08-27T20:16:00,DEV-072,IP-008,PI-044,Delhi,1,818,72,0,True,True,False
txn_000897,CUST-1219,M-020,4722,2026-08-27T20:27:00,DEV-020,IP-028,PI-086,Mumbai,1,478,59,0,True,True,False
txn_000898,CUST-1220,M-018,1334,2026-08-27T20:38:00,DEV-015,IP-004,PI-006,Bengaluru,1,201,16,0,True,True,False
txn_000899,CUST-1221,M-015,2893,2026-08-27T20:49:00,DEV-047,IP-006,PI-065,Delhi,1,187,47,0,True,True,False
txn_000900,CUST-1042,M-015,2153,2026-08-27T21:00:00,DEV-018,IP-004,PI-054,Mumbai,2,884,61,0,True,True,False
txn_000901,CUST-1043,M-009,1198,2026-08-27T21:11:00,DEV-065,IP-006,PI-048,Bengaluru,4,399,32,0,True,True,False
txn_000902,CUST-1044,M-005,2369,2026-08-27T21:22:00,DEV-068,IP-014,PI-055,Delhi,4,499,67,0,True,True,False
txn_000903,CUST-1045,M-005,4125,2026-08-27T21:33:00,DEV-047,IP-001,PI-002,Bengaluru,1,116,44,0,True,True,False
txn_000904,CUST-1046,M-013,1003,2026-08-27T21:44:00,DEV-022,IP-014,PI-005,Bengaluru,2,618,8,0,True,True,False
txn_000905,CUST-1047,M-013,3934,2026-08-27T21:55:00,DEV-067,IP-010,PI-088,Bengaluru,3,768,41,0,True,True,False
txn_000906,CUST-1048,M-017,2791,2026-08-27T22:06:00,DEV-002,IP-027,PI-079,Mumbai,4,486,27,0,True,True,False
txn_000907,CUST-1049,M-012,4122,2026-08-27T22:17:00,DEV-080,IP-026,PI-084,Delhi,2,338,11,0,True,True,False
txn_000908,CUST-1050,M-017,9064,2026-08-27T22:28:00,DEV-043,IP-013,PI-070,Delhi,4,125,66,3,True,True,True
txn_000909,CUST-1051,M-018,728,2026-08-27T22:39:00,DEV-021,IP-001,PI-076,Delhi,2,882,39,0,True,True,False
txn_000910,CUST-1052,M-012,991,2026-08-27T22:50:00,DEV-065,IP-004,PI-034,Bengaluru,3,156,7,0,True,True,False
txn_000911,CUST-1053,M-019,2940,2026-08-27T23:01:00,DEV-016,IP-015,PI-001,Delhi,3,271,75,0,True,True,False
txn_000912,CUST-1054,M-012,2415,2026-08-27T23:12:00,DEV-069,IP-028,PI-039,Delhi,2,761,49,0,True,True,False
txn_000913,CUST-1055,M-017,3185,2026-08-27T23:23:00,DEV-032,IP-004,PI-075,Mumbai,3,495,13,0,True,True,False
txn_000914,CUST-1056,M-003,3875,2026-08-27T23:34:00,DEV-055,IP-027,PI-012,Mumbai,4,163,61,0,True,True,False
txn_000915,CUST-1057,M-013,4811,2026-08-27T23:45:00,DEV-010,IP-012,PI-076,Bengaluru,4,300,75,0,True,True,False
txn_000916,CUST-1058,M-014,4510,2026-08-27T23:56:00,DEV-055,IP-015,PI-021,Mumbai,2,526,59,0,True,True,False
txn_000917,CUST-1059,M-004,4834,2026-08-28T00:07:00,DEV-066,IP-028,PI-089,Mumbai,4,514,5,0,True,True,False
txn_000918,CUST-1060,M-020,1472,2026-08-28T00:18:00,DEV-072,IP-012,PI-053,Mumbai,1,408,74,0,True,True,False
txn_000919,CUST-1061,M-012,1464,2026-08-28T00:29:00,DEV-067,IP-005,PI-040,Delhi,3,331,63,0,True,True,False
txn_000920,CUST-1062,M-002,13910,2026-08-28T00:40:00,DEV-019,IP-005,PI-040,Delhi,4,217,63,1,True,True,True
txn_000921,CUST-1063,M-014,866,2026-08-28T00:51:00,DEV-045,IP-003,PI-062,Bengaluru,3,609,58,0,True,True,False
txn_000922,CUST-1064,M-005,1587,2026-08-28T01:02:00,DEV-049,IP-016,PI-065,Bengaluru,4,809,58,0,True,True,False
txn_000923,CUST-1065,M-003,3164,2026-08-28T01:13:00,DEV-020,IP-028,PI-080,Bengaluru,4,426,30,0,True,True,False
txn_000924,CUST-1066,M-015,875,2026-08-28T01:24:00,DEV-044,IP-018,PI-036,Bengaluru,1,199,4,0,True,True,False
txn_000925,CUST-1067,M-018,1514,2026-08-28T01:35:00,DEV-040,IP-018,PI-011,Mumbai,1,613,67,0,True,True,False
txn_000926,CUST-1068,M-004,652,2026-08-28T01:46:00,DEV-061,IP-017,PI-085,Bengaluru,2,49,36,0,True,True,False
txn_000927,CUST-1069,M-003,4139,2026-08-28T01:57:00,DEV-032,IP-027,PI-069,Bengaluru,3,441,76,0,True,True,False
txn_000928,CUST-1070,M-006,14160,2026-08-28T02:08:00,DEV-003,IP-011,PI-054,Mumbai,14,570,41,4,True,True,True
txn_000929,CUST-1071,M-006,4938,2026-08-28T02:19:00,DEV-015,IP-004,PI-037,Mumbai,2,291,12,0,True,True,False
txn_000930,CUST-1072,M-002,1886,2026-08-28T02:30:00,DEV-053,IP-022,PI-079,Delhi,2,57,8,0,True,True,False
txn_000931,CUST-1073,M-014,1667,2026-08-28T02:41:00,DEV-013,IP-011,PI-042,Delhi,4,877,16,0,True,True,False
txn_000932,CUST-1074,M-016,10874,2026-08-28T02:52:00,DEV-031,IP-025,PI-066,Bengaluru,7,147,35,1,True,True,True
txn_000933,CUST-1075,M-016,1036,2026-08-28T03:03:00,DEV-071,IP-014,PI-004,Delhi,2,49,35,0,True,True,False
txn_000934,CUST-1076,M-008,1331,2026-08-28T03:14:00,DEV-076,IP-022,PI-072,Bengaluru,2,341,73,0,True,True,False
txn_000935,CUST-1077,M-007,4599,2026-08-28T03:25:00,DEV-011,IP-028,PI-019,Delhi,2,830,32,0,True,True,False
txn_000936,CUST-1078,M-002,4200,2026-08-28T03:36:00,DEV-055,IP-030,PI-001,Delhi,3,698,22,0,True,True,False
txn_000937,CUST-1079,M-013,11110,2026-08-28T03:47:00,DEV-062,IP-009,PI-045,Bengaluru,4,629,66,3,True,True,True
txn_000938,CUST-1080,M-010,8145,2026-08-28T03:58:00,DEV-069,IP-019,PI-012,Delhi,12,155,18,3,True,True,True
txn_000939,CUST-1081,M-011,4635,2026-08-28T04:09:00,DEV-027,IP-020,PI-088,Delhi,3,800,58,0,True,True,False
txn_000940,CUST-1082,M-015,2225,2026-08-28T04:20:00,DEV-042,IP-011,PI-077,Delhi,1,738,18,0,True,True,False
txn_000941,CUST-1083,M-001,4403,2026-08-28T04:31:00,DEV-001,IP-020,PI-002,Bengaluru,2,453,72,0,True,True,False
txn_000942,CUST-1084,M-018,3717,2026-08-28T04:42:00,DEV-063,IP-025,PI-011,Bengaluru,1,581,4,0,True,True,False
txn_000943,CUST-1085,M-012,1511,2026-08-28T04:53:00,DEV-057,IP-022,PI-049,Bengaluru,3,426,23,0,True,True,False
txn_000944,CUST-1086,M-012,4290,2026-08-28T05:04:00,DEV-002,IP-004,PI-025,Delhi,1,256,3,0,True,True,False
txn_000945,CUST-1087,M-020,1237,2026-08-28T05:15:00,DEV-046,IP-007,PI-081,Delhi,2,269,64,0,True,True,False
txn_000946,CUST-1088,M-020,4537,2026-08-28T05:26:00,DEV-005,IP-009,PI-027,Mumbai,2,870,51,0,True,True,False
txn_000947,CUST-1089,M-016,4598,2026-08-28T05:37:00,DEV-036,IP-019,PI-022,Bengaluru,2,705,73,0,True,True,False
txn_000948,CUST-1090,M-003,1937,2026-08-28T05:48:00,DEV-078,IP-019,PI-076,Mumbai,1,160,34,0,True,True,False
txn_000949,CUST-1091,M-009,4785,2026-08-28T05:59:00,DEV-030,IP-029,PI-025,Bengaluru,1,739,69,0,True,True,False
txn_000950,CUST-1092,M-001,4218,2026-08-28T06:10:00,DEV-072,IP-029,PI-055,Bengaluru,1,360,56,0,True,True,False
txn_000951,CUST-1093,M-017,1497,2026-08-28T06:21:00,DEV-053,IP-009,PI-060,Delhi,3,559,6,0,True,True,False
txn_000952,CUST-1094,M-014,2776,2026-08-28T06:32:00,DEV-029,IP-002,PI-069,Delhi,3,35,51,0,True,True,False
txn_000953,CUST-1095,M-008,707,2026-08-28T06:43:00,DEV-011,IP-029,PI-089,Delhi,1,285,26,0,True,True,False
txn_000954,CUST-1096,M-001,1292,2026-08-28T06:54:00,DEV-040,IP-003,PI-062,Delhi,1,636,43,0,True,True,False
txn_000955,CUST-1097,M-008,4379,2026-08-28T07:05:00,DEV-032,IP-004,PI-044,Mumbai,3,562,31,0,True,True,False
txn_000956,CUST-1098,M-004,4092,2026-08-28T07:16:00,DEV-077,IP-020,PI-081,Delhi,1,117,8,0,True,True,False
txn_000957,CUST-1099,M-005,1032,2026-08-28T07:27:00,DEV-049,IP-011,PI-008,Delhi,1,338,79,0,True,True,False
txn_000958,CUST-1100,M-018,957,2026-08-28T07:38:00,DEV-009,IP-004,PI-007,Delhi,4,441,13,0,True,True,False
txn_000959,CUST-1101,M-015,586,2026-08-28T07:49:00,DEV-053,IP-008,PI-050,Delhi,4,665,80,0,True,True,False
txn_000960,CUST-1102,M-011,4737,2026-08-28T08:00:00,DEV-004,IP-015,PI-076,Mumbai,1,135,2,0,True,True,False
txn_000961,CUST-1103,M-019,2086,2026-08-28T08:11:00,DEV-009,IP-019,PI-017,Bengaluru,3,393,54,0,True,True,False
txn_000962,CUST-1104,M-008,2023,2026-08-28T08:22:00,DEV-080,IP-015,PI-018,Mumbai,1,160,40,0,True,True,False
txn_000963,CUST-1105,M-010,3430,2026-08-28T08:33:00,DEV-066,IP-021,PI-075,Bengaluru,2,180,61,0,True,True,False
txn_000964,CUST-1106,M-001,3521,2026-08-28T08:44:00,DEV-044,IP-010,PI-067,Bengaluru,2,88,31,0,True,True,False
txn_000965,CUST-1107,M-014,947,2026-08-28T08:55:00,DEV-072,IP-028,PI-045,Mumbai,2,685,26,0,True,True,False
txn_000966,CUST-1108,M-015,4397,2026-08-28T09:06:00,DEV-044,IP-007,PI-077,Bengaluru,3,622,73,0,True,True,False
txn_000967,CUST-1109,M-011,3929,2026-08-28T09:17:00,DEV-079,IP-010,PI-021,Mumbai,4,838,6,0,True,True,False
txn_000968,CUST-1110,M-008,2327,2026-08-28T09:28:00,DEV-001,IP-021,PI-060,Bengaluru,2,274,62,0,True,True,False
txn_000969,CUST-1111,M-007,3579,2026-08-28T09:39:00,DEV-043,IP-026,PI-052,Mumbai,1,401,2,0,True,True,False
txn_000970,CUST-1112,M-005,8887,2026-08-28T09:50:00,DEV-004,IP-018,PI-038,Delhi,4,676,75,3,True,True,True
txn_000971,CUST-1113,M-010,10241,2026-08-28T10:01:00,DEV-004,IP-007,PI-023,Mumbai,5,766,23,3,True,True,True
txn_000972,CUST-1114,M-001,2105,2026-08-28T10:12:00,DEV-032,IP-006,PI-023,Delhi,1,51,18,0,True,True,False
txn_000973,CUST-1115,M-010,2222,2026-08-28T10:23:00,DEV-015,IP-011,PI-059,Mumbai,3,858,48,0,True,True,False
txn_000974,CUST-1116,M-003,4053,2026-08-28T10:34:00,DEV-068,IP-026,PI-016,Mumbai,2,843,25,0,True,True,False
txn_000975,CUST-1117,M-011,3565,2026-08-28T10:45:00,DEV-049,IP-023,PI-077,Delhi,2,77,79,0,True,True,False
txn_000976,CUST-1118,M-011,1717,2026-08-28T10:56:00,DEV-069,IP-010,PI-032,Mumbai,3,159,66,0,True,True,False
txn_000977,CUST-1119,M-016,1166,2026-08-28T11:07:00,DEV-063,IP-007,PI-085,Bengaluru,1,201,66,0,True,True,False
txn_000978,CUST-1120,M-017,4584,2026-08-28T11:18:00,DEV-066,IP-012,PI-060,Mumbai,3,759,48,0,True,True,False
txn_000979,CUST-1121,M-016,4553,2026-08-28T11:29:00,DEV-062,IP-023,PI-035,Bengaluru,4,683,75,0,True,True,False
txn_000980,CUST-1122,M-015,2162,2026-08-28T11:40:00,DEV-027,IP-008,PI-031,Delhi,2,343,55,0,True,True,False
txn_000981,CUST-1123,M-009,3564,2026-08-28T11:51:00,DEV-074,IP-006,PI-071,Mumbai,2,799,11,0,True,True,False
txn_000982,CUST-1124,M-019,2385,2026-08-28T12:02:00,DEV-067,IP-012,PI-006,Delhi,3,466,58,0,True,True,False
txn_000983,CUST-1125,M-011,4575,2026-08-28T12:13:00,DEV-053,IP-012,PI-035,Delhi,1,213,57,0,True,True,False
txn_000984,CUST-1126,M-010,1175,2026-08-28T12:24:00,DEV-010,IP-012,PI-065,Bengaluru,1,834,36,0,True,True,False
txn_000985,CUST-1127,M-012,1084,2026-08-28T12:35:00,DEV-013,IP-004,PI-005,Bengaluru,2,371,26,0,True,True,False
txn_000986,CUST-1128,M-007,2748,2026-08-28T12:46:00,DEV-033,IP-010,PI-078,Mumbai,3,38,39,0,True,True,False
txn_000987,CUST-1129,M-013,3808,2026-08-28T12:57:00,DEV-045,IP-026,PI-075,Bengaluru,1,513,66,0,True,True,False
txn_000988,CUST-1130,M-008,3756,2026-08-28T13:08:00,DEV-020,IP-028,PI-030,Bengaluru,2,515,30,0,True,True,False
txn_000989,CUST-1131,M-015,4339,2026-08-28T13:19:00,DEV-071,IP-025,PI-044,Mumbai,3,896,25,0,True,True,False
txn_000990,CUST-1132,M-015,4093,2026-08-28T13:30:00,DEV-054,IP-007,PI-072,Mumbai,3,172,74,0,True,True,False
txn_000991,CUST-1133,M-016,579,2026-08-28T13:41:00,DEV-040,IP-024,PI-085,Delhi,3,260,54,0,True,True,False
txn_000992,CUST-1134,M-010,4904,2026-08-28T13:52:00,DEV-052,IP-025,PI-042,Bengaluru,1,611,5,0,True,True,False
txn_000993,CUST-1135,M-013,3702,2026-08-28T14:03:00,DEV-020,IP-011,PI-027,Delhi,1,577,50,0,True,True,False
txn_000994,CUST-1136,M-010,4198,2026-08-28T14:14:00,DEV-014,IP-011,PI-012,Mumbai,1,721,71,0,True,True,False
txn_000995,CUST-1137,M-006,719,2026-08-28T14:25:00,DEV-078,IP-016,PI-026,Mumbai,4,320,27,0,True,True,False
txn_000996,CUST-1138,M-002,4224,2026-08-28T14:36:00,DEV-068,IP-003,PI-048,Bengaluru,1,205,42,0,True,True,False
txn_000997,CUST-1139,M-004,1786,2026-08-28T14:47:00,DEV-053,IP-013,PI-017,Bengaluru,4,519,9,0,True,True,False
txn_000998,CUST-1140,M-010,2184,2026-08-28T14:58:00,DEV-027,IP-005,PI-056,Bengaluru,4,192,78,0,True,True,False
txn_000999,CUST-1141,M-017,2162,2026-08-28T15:09:00,DEV-040,IP-019,PI-088,Delhi,3,236,1,0,True,True,False
txn_001000,CUST-1142,M-020,3770,2026-08-28T15:20:00,DEV-058,IP-003,PI-032,Bengaluru,3,612,63,0,True,True,False
txn_001001,CUST-1143,M-010,1246,2026-08-28T15:31:00,DEV-074,IP-002,PI-083,Delhi,3,747,39,0,True,True,False
txn_001002,CUST-1144,M-006,2540,2026-08-28T15:42:00,DEV-023,IP-014,PI-080,Bengaluru,4,498,50,0,True,True,False
txn_001003,CUST-1145,M-013,1282,2026-08-28T15:53:00,DEV-024,IP-023,PI-090,Mumbai,2,191,36,0,True,True,False
txn_001004,CUST-1146,M-007,1046,2026-08-28T16:04:00,DEV-069,IP-010,PI-064,Delhi,1,407,10,0,True,True,False
txn_001005,CUST-1147,M-014,3170,2026-08-28T16:15:00,DEV-065,IP-025,PI-058,Mumbai,3,242,65,0,True,True,False
txn_001006,CUST-1148,M-013,14567,2026-08-28T16:26:00,DEV-004,IP-003,PI-044,Bengaluru,7,229,51,1,True,True,True
txn_001007,CUST-1149,M-011,9236,2026-08-28T16:37:00,DEV-015,IP-023,PI-086,Bengaluru,8,526,60,1,True,True,True
txn_001008,CUST-1150,M-005,4085,2026-08-28T16:48:00,DEV-032,IP-023,PI-061,Delhi,2,204,3,0,True,True,False
txn_001009,CUST-1151,M-018,1517,2026-08-28T16:59:00,DEV-023,IP-010,PI-051,Mumbai,1,717,2,0,True,True,False
txn_001010,CUST-1152,M-006,3433,2026-08-28T17:10:00,DEV-020,IP-015,PI-028,Bengaluru,1,721,69,0,True,True,False
txn_001011,CUST-1153,M-004,4783,2026-08-28T17:21:00,DEV-007,IP-027,PI-050,Bengaluru,3,484,7,0,True,True,False
txn_001012,CUST-1154,M-007,3591,2026-08-28T17:32:00,DEV-007,IP-025,PI-032,Delhi,2,234,12,0,True,True,False
txn_001013,CUST-1155,M-007,12523,2026-08-28T17:43:00,DEV-004,IP-001,PI-088,Bengaluru,2,255,13,2,True,True,True
txn_001014,CUST-1156,M-004,4698,2026-08-28T17:54:00,DEV-006,IP-014,PI-042,Delhi,2,669,27,0,True,True,False
txn_001015,CUST-1157,M-008,1489,2026-08-28T18:05:00,DEV-051,IP-014,PI-028,Mumbai,3,361,23,0,True,True,False
txn_001016,CUST-1158,M-007,13376,2026-08-28T18:16:00,DEV-041,IP-001,PI-059,Mumbai,2,703,36,3,True,True,True
txn_001017,CUST-1159,M-020,11940,2026-08-28T18:27:00,DEV-028,IP-014,PI-064,Mumbai,12,579,73,2,True,True,True
txn_001018,CUST-1160,M-013,3157,2026-08-28T18:38:00,DEV-013,IP-020,PI-087,Bengaluru,2,370,23,0,True,True,False
txn_001019,CUST-1161,M-003,4449,2026-08-28T18:49:00,DEV-041,IP-028,PI-043,Mumbai,4,421,66,0,True,True,False
txn_001020,CUST-1162,M-008,608,2026-08-28T19:00:00,DEV-030,IP-017,PI-003,Bengaluru,1,346,31,0,True,True,False
txn_001021,CUST-1163,M-002,1150,2026-08-28T19:11:00,DEV-032,IP-020,PI-018,Delhi,4,333,26,0,True,True,False
txn_001022,CUST-1164,M-008,810,2026-08-28T19:22:00,DEV-027,IP-021,PI-077,Delhi,3,167,36,0,True,True,False
txn_001023,CUST-1165,M-010,3898,2026-08-28T19:33:00,DEV-006,IP-017,PI-004,Mumbai,3,380,32,0,True,True,False
txn_001024,CUST-1166,M-008,2534,2026-08-28T19:44:00,DEV-007,IP-030,PI-078,Delhi,3,217,57,0,True,True,False
txn_001025,CUST-1167,M-003,4527,2026-08-28T19:55:00,DEV-009,IP-028,PI-025,Mumbai,2,239,17,0,True,True,False
txn_001026,CUST-1168,M-008,2174,2026-08-28T20:06:00,DEV-076,IP-018,PI-065,Mumbai,4,772,60,0,True,True,False
txn_001027,CUST-1169,M-006,3973,2026-08-28T20:17:00,DEV-026,IP-008,PI-078,Mumbai,3,322,74,0,True,True,False
txn_001028,CUST-1170,M-003,4441,2026-08-28T20:28:00,DEV-026,IP-009,PI-047,Delhi,4,201,61,0,True,True,False
txn_001029,CUST-1171,M-005,4050,2026-08-28T20:39:00,DEV-065,IP-020,PI-062,Mumbai,4,467,11,0,True,True,False
txn_001030,CUST-1172,M-005,4900,2026-08-28T20:50:00,DEV-039,IP-020,PI-071,Bengaluru,2,293,49,0,True,True,False
txn_001031,CUST-1173,M-018,3573,2026-08-28T21:01:00,DEV-059,IP-010,PI-078,Delhi,1,371,18,0,True,True,False
txn_001032,CUST-1174,M-001,2053,2026-08-28T21:12:00,DEV-026,IP-005,PI-002,Bengaluru,3,533,52,0,True,True,False
txn_001033,CUST-1175,M-013,3556,2026-08-28T21:23:00,DEV-051,IP-024,PI-063,Delhi,1,448,5,0,True,True,False
txn_001034,CUST-1176,M-007,1830,2026-08-28T21:34:00,DEV-016,IP-013,PI-056,Delhi,3,551,63,0,True,True,False
txn_001035,CUST-1177,M-013,972,2026-08-28T21:45:00,DEV-048,IP-023,PI-055,Bengaluru,2,278,62,0,True,True,False
txn_001036,CUST-1178,M-005,7462,2026-08-28T21:56:00,DEV-047,IP-021,PI-034,Bengaluru,8,727,19,3,True,True,True
txn_001037,CUST-1179,M-001,1822,2026-08-28T22:07:00,DEV-075,IP-022,PI-015,Mumbai,4,437,76,0,True,True,False
txn_001038,CUST-1180,M-014,2046,2026-08-28T22:18:00,DEV-011,IP-017,PI-022,Delhi,3,738,39,0,True,True,False
txn_001039,CUST-1181,M-019,3635,2026-08-28T22:29:00,DEV-069,IP-022,PI-040,Bengaluru,4,800,12,0,True,True,False
txn_001040,CUST-1182,M-005,3321,2026-08-28T22:40:00,DEV-074,IP-025,PI-035,Bengaluru,2,796,51,0,True,True,False
txn_001041,CUST-1183,M-001,4528,2026-08-28T22:51:00,DEV-001,IP-006,PI-013,Mumbai,4,567,54,0,True,True,False
txn_001042,CUST-1184,M-012,1945,2026-08-28T23:02:00,DEV-056,IP-006,PI-024,Bengaluru,2,232,63,0,True,True,False
txn_001043,CUST-1185,M-006,2241,2026-08-28T23:13:00,DEV-015,IP-015,PI-026,Mumbai,2,858,25,0,True,True,False
txn_001044,CUST-1186,M-006,1394,2026-08-28T23:24:00,DEV-053,IP-015,PI-011,Delhi,1,416,16,0,True,True,False
txn_001045,CUST-1187,M-016,2423,2026-08-28T23:35:00,DEV-044,IP-001,PI-063,Bengaluru,1,39,8,0,True,True,False
txn_001046,CUST-1188,M-004,842,2026-08-28T23:46:00,DEV-001,IP-022,PI-028,Bengaluru,1,414,78,0,True,True,False
txn_001047,CUST-1189,M-016,4480,2026-08-28T23:57:00,DEV-035,IP-030,PI-044,Bengaluru,4,374,48,0,True,True,False
txn_001048,CUST-1190,M-012,2462,2026-08-29T00:08:00,DEV-044,IP-011,PI-086,Delhi,4,655,8,0,True,True,False
txn_001049,CUST-1191,M-001,1320,2026-08-29T00:19:00,DEV-043,IP-026,PI-059,Bengaluru,4,772,18,0,True,True,False
txn_001050,CUST-1192,M-009,15693,2026-08-29T00:30:00,DEV-016,IP-028,PI-090,Mumbai,6,492,80,4,True,True,True
txn_001051,CUST-1193,M-001,3139,2026-08-29T00:41:00,DEV-025,IP-001,PI-082,Delhi,1,856,42,0,True,True,False
txn_001052,CUST-1194,M-013,4469,2026-08-29T00:52:00,DEV-030,IP-020,PI-079,Mumbai,3,468,61,0,True,True,False
txn_001053,CUST-1195,M-010,3652,2026-08-29T01:03:00,DEV-013,IP-024,PI-078,Mumbai,2,562,74,0,True,True,False
txn_001054,CUST-1196,M-016,1547,2026-08-29T01:14:00,DEV-065,IP-002,PI-012,Delhi,4,202,58,0,True,True,False
txn_001055,CUST-1197,M-008,4929,2026-08-29T01:25:00,DEV-062,IP-022,PI-032,Mumbai,2,801,12,0,True,True,False
txn_001056,CUST-1198,M-013,3174,2026-08-29T01:36:00,DEV-004,IP-006,PI-036,Mumbai,3,711,61,0,True,True,False
txn_001057,CUST-1199,M-018,1612,2026-08-29T01:47:00,DEV-016,IP-022,PI-082,Bengaluru,4,122,43,0,True,True,False
txn_001058,CUST-1200,M-011,1029,2026-08-29T01:58:00,DEV-074,IP-025,PI-049,Bengaluru,4,699,72,0,True,True,False
txn_001059,CUST-1201,M-008,2411,2026-08-29T02:09:00,DEV-056,IP-026,PI-034,Mumbai,3,119,15,0,True,True,False
txn_001060,CUST-1202,M-004,2041,2026-08-29T02:20:00,DEV-076,IP-030,PI-074,Delhi,2,350,49,0,True,True,False
txn_001061,CUST-1203,M-019,1006,2026-08-29T02:31:00,DEV-001,IP-010,PI-069,Mumbai,4,463,41,0,True,True,False
txn_001062,CUST-1204,M-004,2319,2026-08-29T02:42:00,DEV-017,IP-017,PI-051,Mumbai,4,353,19,0,True,True,False
txn_001063,CUST-1205,M-016,2293,2026-08-29T02:53:00,DEV-038,IP-027,PI-088,Delhi,2,645,37,0,True,True,False
txn_001064,CUST-1206,M-010,3122,2026-08-29T03:04:00,DEV-005,IP-020,PI-065,Bengaluru,1,310,74,0,True,True,False
txn_001065,CUST-1207,M-013,2887,2026-08-29T03:15:00,DEV-028,IP-016,PI-008,Delhi,2,877,27,0,True,True,False
txn_001066,CUST-1208,M-006,930,2026-08-29T03:26:00,DEV-029,IP-023,PI-063,Bengaluru,4,336,21,0,True,True,False
txn_001067,CUST-1209,M-014,3264,2026-08-29T03:37:00,DEV-071,IP-013,PI-087,Delhi,3,805,51,0,True,True,False
txn_001068,CUST-1210,M-010,2818,2026-08-29T03:48:00,DEV-068,IP-024,PI-090,Mumbai,4,129,17,0,True,True,False
txn_001069,CUST-1211,M-010,943,2026-08-29T03:59:00,DEV-075,IP-028,PI-059,Bengaluru,2,621,18,0,True,True,False
txn_001070,CUST-1212,M-007,1686,2026-08-29T04:10:00,DEV-062,IP-010,PI-028,Bengaluru,2,782,2,0,True,True,False
txn_001071,CUST-1213,M-013,1709,2026-08-29T04:21:00,DEV-074,IP-004,PI-055,Bengaluru,2,87,13,0,True,True,False
txn_001072,CUST-1214,M-004,929,2026-08-29T04:32:00,DEV-061,IP-006,PI-066,Bengaluru,3,637,56,0,True,True,False
txn_001073,CUST-1215,M-004,778,2026-08-29T04:43:00,DEV-052,IP-008,PI-031,Delhi,4,339,77,0,True,True,False
txn_001074,CUST-1216,M-015,1234,2026-08-29T04:54:00,DEV-049,IP-025,PI-084,Delhi,3,677,57,0,True,True,False
txn_001075,CUST-1217,M-004,1176,2026-08-29T05:05:00,DEV-016,IP-004,PI-063,Bengaluru,2,53,76,0,True,True,False
txn_001076,CUST-1218,M-004,2742,2026-08-29T05:16:00,DEV-074,IP-016,PI-076,Mumbai,4,525,56,0,True,True,False
txn_001077,CUST-1219,M-003,3164,2026-08-29T05:27:00,DEV-017,IP-004,PI-069,Mumbai,4,862,3,0,True,True,False
txn_001078,CUST-1220,M-016,4842,2026-08-29T05:38:00,DEV-069,IP-026,PI-009,Bengaluru,1,801,27,0,True,True,False
txn_001079,CUST-1221,M-001,1974,2026-08-29T05:49:00,DEV-016,IP-006,PI-072,Delhi,3,155,6,0,True,True,False
txn_001080,CUST-1042,M-003,1820,2026-08-29T06:00:00,DEV-027,IP-021,PI-072,Delhi,1,116,16,0,True,True,False
txn_001081,CUST-1043,M-014,1905,2026-08-29T06:11:00,DEV-047,IP-018,PI-085,Mumbai,2,337,6,0,True,True,False
txn_001082,CUST-1044,M-018,2903,2026-08-29T06:22:00,DEV-067,IP-029,PI-057,Mumbai,4,741,41,0,True,True,False
txn_001083,CUST-1045,M-017,4909,2026-08-29T06:33:00,DEV-046,IP-020,PI-027,Bengaluru,1,708,6,0,True,True,False
txn_001084,CUST-1046,M-007,2955,2026-08-29T06:44:00,DEV-025,IP-005,PI-018,Bengaluru,2,635,46,0,True,True,False
txn_001085,CUST-1047,M-018,1109,2026-08-29T06:55:00,DEV-080,IP-014,PI-033,Delhi,4,695,21,0,True,True,False
txn_001086,CUST-1048,M-005,3984,2026-08-29T07:06:00,DEV-011,IP-009,PI-069,Mumbai,1,674,35,0,True,True,False
txn_001087,CUST-1049,M-019,3548,2026-08-29T07:17:00,DEV-025,IP-023,PI-085,Bengaluru,2,459,20,0,True,True,False
txn_001088,CUST-1050,M-020,712,2026-08-29T07:28:00,DEV-056,IP-013,PI-032,Mumbai,3,157,69,0,True,True,False
txn_001089,CUST-1051,M-011,1040,2026-08-29T07:39:00,DEV-071,IP-014,PI-082,Mumbai,3,371,35,0,True,True,False
txn_001090,CUST-1052,M-004,580,2026-08-29T07:50:00,DEV-029,IP-009,PI-049,Mumbai,4,137,16,0,True,True,False
txn_001091,CUST-1053,M-004,4510,2026-08-29T08:01:00,DEV-040,IP-019,PI-068,Delhi,3,594,35,0,True,True,False
txn_001092,CUST-1054,M-013,3105,2026-08-29T08:12:00,DEV-007,IP-006,PI-024,Delhi,4,518,76,0,True,True,False
txn_001093,CUST-1055,M-005,4707,2026-08-29T08:23:00,DEV-002,IP-022,PI-085,Mumbai,2,417,73,0,True,True,False
txn_001094,CUST-1056,M-008,3532,2026-08-29T08:34:00,DEV-007,IP-030,PI-087,Bengaluru,4,753,59,0,True,True,False
txn_001095,CUST-1057,M-017,4339,2026-08-29T08:45:00,DEV-046,IP-026,PI-037,Delhi,4,563,30,0,True,True,False
txn_001096,CUST-1058,M-011,3830,2026-08-29T08:56:00,DEV-012,IP-010,PI-012,Bengaluru,1,108,31,0,True,True,False
txn_001097,CUST-1059,M-003,970,2026-08-29T09:07:00,DEV-022,IP-019,PI-037,Bengaluru,4,857,2,0,True,True,False
txn_001098,CUST-1060,M-005,4667,2026-08-29T09:18:00,DEV-055,IP-022,PI-062,Delhi,1,445,2,0,True,True,False
txn_001099,CUST-1061,M-018,3981,2026-08-29T09:29:00,DEV-001,IP-023,PI-045,Mumbai,1,651,58,0,True,True,False
txn_001100,CUST-1062,M-006,2343,2026-08-29T09:40:00,DEV-068,IP-029,PI-010,Delhi,2,556,46,0,True,True,False
txn_001101,CUST-1063,M-006,3605,2026-08-29T09:51:00,DEV-055,IP-016,PI-048,Mumbai,3,725,32,0,True,True,False
txn_001102,CUST-1064,M-016,2950,2026-08-29T10:02:00,DEV-016,IP-010,PI-038,Delhi,2,32,73,0,True,True,False
txn_001103,CUST-1065,M-002,4723,2026-08-29T10:13:00,DEV-040,IP-030,PI-060,Bengaluru,4,88,46,0,True,True,False
txn_001104,CUST-1066,M-012,11888,2026-08-29T10:24:00,DEV-059,IP-011,PI-014,Mumbai,6,769,24,4,True,True,True
txn_001105,CUST-1067,M-007,4530,2026-08-29T10:35:00,DEV-013,IP-014,PI-011,Bengaluru,2,450,16,0,True,True,False
txn_001106,CUST-1068,M-008,2549,2026-08-29T10:46:00,DEV-001,IP-005,PI-061,Delhi,3,336,47,0,True,True,False
txn_001107,CUST-1069,M-004,2707,2026-08-29T10:57:00,DEV-024,IP-018,PI-057,Bengaluru,4,195,18,0,True,True,False
txn_001108,CUST-1070,M-007,3442,2026-08-29T11:08:00,DEV-056,IP-001,PI-015,Mumbai,3,71,18,0,True,True,False
txn_001109,CUST-1071,M-006,758,2026-08-29T11:19:00,DEV-043,IP-029,PI-086,Mumbai,4,711,35,0,True,True,False
txn_001110,CUST-1072,M-005,4559,2026-08-29T11:30:00,DEV-063,IP-018,PI-042,Delhi,4,164,15,0,True,True,False
txn_001111,CUST-1073,M-012,1774,2026-08-29T11:41:00,DEV-003,IP-005,PI-065,Mumbai,2,83,44,0,True,True,False
txn_001112,CUST-1074,M-014,565,2026-08-29T11:52:00,DEV-077,IP-024,PI-062,Delhi,3,527,11,0,True,True,False
txn_001113,CUST-1075,M-017,1749,2026-08-29T12:03:00,DEV-032,IP-020,PI-024,Mumbai,3,815,15,0,True,True,False
txn_001114,CUST-1076,M-007,4015,2026-08-29T12:14:00,DEV-032,IP-022,PI-061,Bengaluru,1,747,65,0,True,True,False
txn_001115,CUST-1077,M-008,1718,2026-08-29T12:25:00,DEV-025,IP-028,PI-016,Mumbai,4,69,36,0,True,True,False
txn_001116,CUST-1078,M-020,644,2026-08-29T12:36:00,DEV-019,IP-014,PI-026,Mumbai,1,419,53,0,True,True,False
txn_001117,CUST-1079,M-014,3253,2026-08-29T12:47:00,DEV-030,IP-008,PI-062,Mumbai,4,689,7,0,True,True,False
txn_001118,CUST-1080,M-012,2798,2026-08-29T12:58:00,DEV-035,IP-012,PI-054,Mumbai,3,78,24,0,True,True,False
txn_001119,CUST-1081,M-007,12269,2026-08-29T13:09:00,DEV-007,IP-022,PI-037,Delhi,5,651,13,4,True,True,True
txn_001120,CUST-1082,M-010,3238,2026-08-29T13:20:00,DEV-063,IP-012,PI-015,Mumbai,1,729,71,0,True,True,False
txn_001121,CUST-1083,M-012,3453,2026-08-29T13:31:00,DEV-017,IP-011,PI-076,Bengaluru,3,273,36,0,True,True,False
txn_001122,CUST-1084,M-005,1371,2026-08-29T13:42:00,DEV-050,IP-003,PI-081,Bengaluru,1,72,76,0,True,True,False
txn_001123,CUST-1085,M-004,4151,2026-08-29T13:53:00,DEV-025,IP-007,PI-010,Bengaluru,3,338,61,0,True,True,False
txn_001124,CUST-1086,M-002,1758,2026-08-29T14:04:00,DEV-026,IP-018,PI-017,Mumbai,4,593,33,0,True,True,False
txn_001125,CUST-1087,M-015,3498,2026-08-29T14:15:00,DEV-072,IP-012,PI-081,Bengaluru,1,476,9,0,True,True,False
txn_001126,CUST-1088,M-001,4627,2026-08-29T14:26:00,DEV-068,IP-030,PI-022,Bengaluru,3,743,17,0,True,True,False
txn_001127,CUST-1089,M-013,2058,2026-08-29T14:37:00,DEV-073,IP-002,PI-064,Bengaluru,1,199,57,0,True,True,False
txn_001128,CUST-1090,M-013,3696,2026-08-29T14:48:00,DEV-050,IP-018,PI-078,Delhi,2,218,1,0,True,True,False
txn_001129,CUST-1091,M-017,572,2026-08-29T14:59:00,DEV-028,IP-019,PI-059,Bengaluru,3,340,29,0,True,True,False
txn_001130,CUST-1092,M-006,1475,2026-08-29T15:10:00,DEV-035,IP-018,PI-029,Mumbai,2,328,6,0,True,True,False
txn_001131,CUST-1093,M-009,1589,2026-08-29T15:21:00,DEV-036,IP-030,PI-007,Bengaluru,2,873,27,0,True,True,False
txn_001132,CUST-1094,M-020,3346,2026-08-29T15:32:00,DEV-001,IP-021,PI-048,Delhi,1,752,71,0,True,True,False
txn_001133,CUST-1095,M-011,2915,2026-08-29T15:43:00,DEV-018,IP-014,PI-008,Bengaluru,1,873,46,0,True,True,False
txn_001134,CUST-1096,M-001,2597,2026-08-29T15:54:00,DEV-036,IP-006,PI-069,Bengaluru,1,769,49,0,True,True,False
txn_001135,CUST-1097,M-015,2188,2026-08-29T16:05:00,DEV-033,IP-028,PI-029,Delhi,3,238,75,0,True,True,False
txn_001136,CUST-1098,M-008,4154,2026-08-29T16:16:00,DEV-051,IP-005,PI-056,Delhi,2,520,12,0,True,True,False
txn_001137,CUST-1099,M-007,1942,2026-08-29T16:27:00,DEV-059,IP-006,PI-073,Delhi,2,693,37,0,True,True,False
txn_001138,CUST-1100,M-013,9911,2026-08-29T16:38:00,DEV-021,IP-029,PI-088,Bengaluru,4,101,19,1,True,True,True
txn_001139,CUST-1101,M-004,3797,2026-08-29T16:49:00,DEV-059,IP-030,PI-068,Mumbai,1,647,13,0,True,True,False
txn_001140,CUST-1102,M-002,611,2026-08-29T17:00:00,DEV-003,IP-004,PI-017,Mumbai,1,304,19,0,True,True,False
txn_001141,CUST-1103,M-004,576,2026-08-29T17:11:00,DEV-077,IP-001,PI-070,Bengaluru,3,754,11,0,True,True,False
txn_001142,CUST-1104,M-006,4139,2026-08-29T17:22:00,DEV-062,IP-025,PI-040,Delhi,4,188,32,0,True,True,False
txn_001143,CUST-1105,M-004,15906,2026-08-29T17:33:00,DEV-035,IP-021,PI-003,Mumbai,2,587,38,1,True,True,True
txn_001144,CUST-1106,M-008,509,2026-08-29T17:44:00,DEV-054,IP-005,PI-004,Mumbai,4,424,19,0,True,True,False
txn_001145,CUST-1107,M-004,3651,2026-08-29T17:55:00,DEV-037,IP-008,PI-063,Mumbai,1,259,14,0,True,True,False
txn_001146,CUST-1108,M-020,1124,2026-08-29T18:06:00,DEV-037,IP-012,PI-043,Mumbai,3,116,6,0,True,True,False
txn_001147,CUST-1109,M-011,4845,2026-08-29T18:17:00,DEV-023,IP-014,PI-077,Mumbai,4,183,39,0,True,True,False
txn_001148,CUST-1110,M-009,1351,2026-08-29T18:28:00,DEV-037,IP-012,PI-064,Bengaluru,3,301,10,0,True,True,False
txn_001149,CUST-1111,M-011,1700,2026-08-29T18:39:00,DEV-020,IP-025,PI-019,Delhi,4,768,62,0,True,True,False
txn_001150,CUST-1112,M-009,4001,2026-08-29T18:50:00,DEV-015,IP-019,PI-019,Mumbai,3,160,24,0,True,True,False
txn_001151,CUST-1113,M-014,4548,2026-08-29T19:01:00,DEV-046,IP-011,PI-062,Bengaluru,4,646,43,0,True,True,False
txn_001152,CUST-1114,M-018,3929,2026-08-29T19:12:00,DEV-032,IP-013,PI-064,Bengaluru,4,575,69,0,True,True,False
txn_001153,CUST-1115,M-017,3955,2026-08-29T19:23:00,DEV-050,IP-003,PI-074,Bengaluru,2,749,12,0,True,True,False
txn_001154,CUST-1116,M-012,640,2026-08-29T19:34:00,DEV-001,IP-007,PI-072,Delhi,2,142,8,0,True,True,False
txn_001155,CUST-1117,M-010,1641,2026-08-29T19:45:00,DEV-047,IP-028,PI-059,Mumbai,4,278,27,0,True,True,False
txn_001156,CUST-1118,M-004,1628,2026-08-29T19:56:00,DEV-008,IP-024,PI-090,Bengaluru,2,416,4,0,True,True,False
txn_001157,CUST-1119,M-004,943,2026-08-29T20:07:00,DEV-055,IP-012,PI-085,Bengaluru,1,518,77,0,True,True,False
txn_001158,CUST-1120,M-005,3492,2026-08-29T20:18:00,DEV-004,IP-005,PI-011,Mumbai,1,42,73,0,True,True,False
txn_001159,CUST-1121,M-016,1994,2026-08-29T20:29:00,DEV-054,IP-005,PI-018,Bengaluru,3,511,53,0,True,True,False
txn_001160,CUST-1122,M-010,608,2026-08-29T20:40:00,DEV-057,IP-026,PI-015,Mumbai,1,687,5,0,True,True,False
txn_001161,CUST-1123,M-001,1813,2026-08-29T20:51:00,DEV-023,IP-017,PI-051,Delhi,4,597,34,0,True,True,False
txn_001162,CUST-1124,M-014,2362,2026-08-29T21:02:00,DEV-065,IP-010,PI-021,Delhi,1,564,49,0,True,True,False
txn_001163,CUST-1125,M-013,2235,2026-08-29T21:13:00,DEV-017,IP-024,PI-080,Mumbai,2,431,24,0,True,True,False
txn_001164,CUST-1126,M-015,1132,2026-08-29T21:24:00,DEV-072,IP-020,PI-062,Delhi,4,877,49,0,True,True,False
txn_001165,CUST-1127,M-007,3975,2026-08-29T21:35:00,DEV-048,IP-021,PI-035,Mumbai,1,109,47,0,True,True,False
txn_001166,CUST-1128,M-010,2462,2026-08-29T21:46:00,DEV-043,IP-001,PI-021,Bengaluru,1,96,28,0,True,True,False
txn_001167,CUST-1129,M-002,2152,2026-08-29T21:57:00,DEV-040,IP-007,PI-031,Delhi,1,613,73,0,True,True,False
txn_001168,CUST-1130,M-011,7787,2026-08-29T22:08:00,DEV-062,IP-002,PI-012,Delhi,1,395,37,4,True,True,True
txn_001169,CUST-1131,M-012,3700,2026-08-29T22:19:00,DEV-041,IP-025,PI-017,Bengaluru,1,369,53,0,True,True,False
txn_001170,CUST-1132,M-005,4613,2026-08-29T22:30:00,DEV-065,IP-004,PI-004,Bengaluru,4,518,76,0,True,True,False
txn_001171,CUST-1133,M-005,1820,2026-08-29T22:41:00,DEV-005,IP-010,PI-088,Delhi,1,670,12,0,True,True,False
txn_001172,CUST-1134,M-005,2266,2026-08-29T22:52:00,DEV-030,IP-029,PI-021,Bengaluru,3,488,17,0,True,True,False
txn_001173,CUST-1135,M-002,4029,2026-08-29T23:03:00,DEV-047,IP-020,PI-088,Delhi,2,243,79,0,True,True,False
txn_001174,CUST-1136,M-004,4575,2026-08-29T23:14:00,DEV-020,IP-019,PI-002,Mumbai,3,590,12,0,True,True,False
txn_001175,CUST-1137,M-010,1890,2026-08-29T23:25:00,DEV-059,IP-011,PI-021,Mumbai,3,620,47,0,True,True,False
txn_001176,CUST-1138,M-009,4274,2026-08-29T23:36:00,DEV-010,IP-006,PI-061,Delhi,4,695,18,0,True,True,False
txn_001177,CUST-1139,M-012,824,2026-08-29T23:47:00,DEV-073,IP-016,PI-037,Delhi,4,664,17,0,True,True,False
txn_001178,CUST-1140,M-012,3069,2026-08-29T23:58:00,DEV-066,IP-028,PI-011,Bengaluru,4,548,58,0,True,True,False
txn_001179,CUST-1141,M-008,967,2026-08-30T00:09:00,DEV-006,IP-020,PI-090,Bengaluru,1,188,14,0,True,True,False
txn_001180,CUST-1142,M-003,3770,2026-08-30T00:20:00,DEV-021,IP-019,PI-029,Delhi,4,715,12,0,True,True,False
txn_001181,CUST-1143,M-015,4883,2026-08-30T00:31:00,DEV-060,IP-021,PI-014,Mumbai,2,779,14,0,True,True,False
txn_001182,CUST-1144,M-007,4048,2026-08-30T00:42:00,DEV-051,IP-025,PI-052,Delhi,1,354,44,0,True,True,False
txn_001183,CUST-1145,M-004,4401,2026-08-30T00:53:00,DEV-063,IP-007,PI-036,Delhi,1,588,20,0,True,True,False
txn_001184,CUST-1146,M-011,2248,2026-08-30T01:04:00,DEV-019,IP-021,PI-073,Mumbai,4,93,47,0,True,True,False
txn_001185,CUST-1147,M-007,943,2026-08-30T01:15:00,DEV-061,IP-007,PI-003,Bengaluru,4,306,33,0,True,True,False
txn_001186,CUST-1148,M-009,1067,2026-08-30T01:26:00,DEV-011,IP-005,PI-052,Mumbai,3,759,58,0,True,True,False
txn_001187,CUST-1149,M-006,2625,2026-08-30T01:37:00,DEV-068,IP-007,PI-007,Mumbai,4,380,39,0,True,True,False
txn_001188,CUST-1150,M-016,4445,2026-08-30T01:48:00,DEV-045,IP-014,PI-069,Bengaluru,2,743,56,0,True,True,False
txn_001189,CUST-1151,M-018,581,2026-08-30T01:59:00,DEV-074,IP-013,PI-077,Mumbai,1,770,75,0,True,True,False
txn_001190,CUST-1152,M-001,3092,2026-08-30T02:10:00,DEV-042,IP-022,PI-020,Delhi,2,541,41,0,True,True,False
txn_001191,CUST-1153,M-001,4765,2026-08-30T02:21:00,DEV-053,IP-009,PI-058,Mumbai,4,684,75,0,True,True,False
txn_001192,CUST-1154,M-014,2037,2026-08-30T02:32:00,DEV-028,IP-024,PI-090,Bengaluru,2,645,49,0,True,True,False
txn_001193,CUST-1155,M-012,617,2026-08-30T02:43:00,DEV-027,IP-007,PI-047,Mumbai,3,344,65,0,True,True,False
txn_001194,CUST-1156,M-015,4588,2026-08-30T02:54:00,DEV-016,IP-023,PI-053,Delhi,3,390,70,0,True,True,False
txn_001195,CUST-1157,M-015,1940,2026-08-30T03:05:00,DEV-043,IP-004,PI-055,Delhi,2,596,77,0,True,True,False
txn_001196,CUST-1158,M-014,2834,2026-08-30T03:16:00,DEV-056,IP-013,PI-082,Delhi,1,119,14,0,True,True,False
txn_001197,CUST-1159,M-004,3869,2026-08-30T03:27:00,DEV-003,IP-020,PI-064,Bengaluru,1,678,57,0,True,True,False
txn_001198,CUST-1160,M-014,2874,2026-08-30T03:38:00,DEV-005,IP-022,PI-028,Mumbai,4,594,49,0,True,True,False
txn_001199,CUST-1161,M-015,3372,2026-08-30T03:49:00,DEV-061,IP-004,PI-053,Bengaluru,4,37,48,0,True,True,False
